id,features,labels
0,https://vo_agam_output.cog.sanger.ac.uk/AR0047-C.gatk.zarr.zip,coluzzii
1,https://vo_agam_output.cog.sanger.ac.uk/AR0049-C.gatk.zarr.zip,coluzzii
2,https://vo_agam_output.cog.sanger.ac.uk/AR0051-C.gatk.zarr.zip,coluzzii
3,https://vo_agam_output.cog.sanger.ac.uk/AR0061-C.gatk.zarr.zip,coluzzii
4,https://vo_agam_output.cog.sanger.ac.uk/AR0078-C.gatk.zarr.zip,coluzzii
5,https://vo_agam_output.cog.sanger.ac.uk/AR0080-C.gatk.zarr.zip,coluzzii
6,https://vo_agam_output.cog.sanger.ac.uk/AR0084-C.gatk.zarr.zip,coluzzii
7,https://vo_agam_output.cog.sanger.ac.uk/AR0097-C.gatk.zarr.zip,coluzzii
8,https://vo_agam_output.cog.sanger.ac.uk/AR0072-C.gatk.zarr.zip,coluzzii
9,https://vo_agam_output.cog.sanger.ac.uk/AR0094-C.gatk.zarr.zip,coluzzii
10,https://vo_agam_output.cog.sanger.ac.uk/AR0095-C.gatk.zarr.zip,coluzzii
11,https://vo_agam_output.cog.sanger.ac.uk/AR0083-C.gatk.zarr.zip,coluzzii
12,https://vo_agam_output.cog.sanger.ac.uk/AR0093-C.gatk.zarr.zip,coluzzii
13,https://vo_agam_output.cog.sanger.ac.uk/AR0021-C.gatk.zarr.zip,coluzzii
14,https://vo_agam_output.cog.sanger.ac.uk/AR0082-C.gatk.zarr.zip,coluzzii
15,https://vo_agam_output.cog.sanger.ac.uk/AR0008-C.gatk.zarr.zip,coluzzii
16,https://vo_agam_output.cog.sanger.ac.uk/AR0085-C.gatk.zarr.zip,coluzzii
17,https://vo_agam_output.cog.sanger.ac.uk/AR0098-C.gatk.zarr.zip,coluzzii
18,https://vo_agam_output.cog.sanger.ac.uk/AR0092-C.gatk.zarr.zip,coluzzii
19,https://vo_agam_output.cog.sanger.ac.uk/AR0017-C.gatk.zarr.zip,coluzzii
20,https://vo_agam_output.cog.sanger.ac.uk/AR0015-C.gatk.zarr.zip,coluzzii
21,https://vo_agam_output.cog.sanger.ac.uk/AR0019-C.gatk.zarr.zip,coluzzii
22,https://vo_agam_output.cog.sanger.ac.uk/AR0100-C.gatk.zarr.zip,coluzzii
23,https://vo_agam_output.cog.sanger.ac.uk/AR0034-C.gatk.zarr.zip,coluzzii
24,https://vo_agam_output.cog.sanger.ac.uk/AR0086-C.gatk.zarr.zip,coluzzii
25,https://vo_agam_output.cog.sanger.ac.uk/AR0057-C.gatk.zarr.zip,coluzzii
26,https://vo_agam_output.cog.sanger.ac.uk/AR0076-C.gatk.zarr.zip,coluzzii
27,https://vo_agam_output.cog.sanger.ac.uk/AR0042-C.gatk.zarr.zip,coluzzii
28,https://vo_agam_output.cog.sanger.ac.uk/AR0063-C.gatk.zarr.zip,coluzzii
29,https://vo_agam_output.cog.sanger.ac.uk/AR0012-C.gatk.zarr.zip,coluzzii
30,https://vo_agam_output.cog.sanger.ac.uk/AR0087-C.gatk.zarr.zip,coluzzii
31,https://vo_agam_output.cog.sanger.ac.uk/AR0065-C.gatk.zarr.zip,coluzzii
32,https://vo_agam_output.cog.sanger.ac.uk/AR0038-C.gatk.zarr.zip,coluzzii
33,https://vo_agam_output.cog.sanger.ac.uk/AR0089-C.gatk.zarr.zip,coluzzii
34,https://vo_agam_output.cog.sanger.ac.uk/AR0071-C.gatk.zarr.zip,coluzzii
35,https://vo_agam_output.cog.sanger.ac.uk/AR0096-C.gatk.zarr.zip,coluzzii
36,https://vo_agam_output.cog.sanger.ac.uk/AR0088-C.gatk.zarr.zip,coluzzii
37,https://vo_agam_output.cog.sanger.ac.uk/AR0066-C.gatk.zarr.zip,coluzzii
38,https://vo_agam_output.cog.sanger.ac.uk/AR0023-C.gatk.zarr.zip,coluzzii
39,https://vo_agam_output.cog.sanger.ac.uk/AR0020-C.gatk.zarr.zip,coluzzii
40,https://vo_agam_output.cog.sanger.ac.uk/AR0024-C.gatk.zarr.zip,coluzzii
41,https://vo_agam_output.cog.sanger.ac.uk/AR0014-C.gatk.zarr.zip,coluzzii
42,https://vo_agam_output.cog.sanger.ac.uk/AR0079-C.gatk.zarr.zip,coluzzii
43,https://vo_agam_output.cog.sanger.ac.uk/AR0027-C.gatk.zarr.zip,coluzzii
44,https://vo_agam_output.cog.sanger.ac.uk/AR0075-C.gatk.zarr.zip,coluzzii
45,https://vo_agam_output.cog.sanger.ac.uk/AR0077-C.gatk.zarr.zip,coluzzii
46,https://vo_agam_output.cog.sanger.ac.uk/AR0007-C.gatk.zarr.zip,coluzzii
47,https://vo_agam_output.cog.sanger.ac.uk/AR0062-C.gatk.zarr.zip,coluzzii
48,https://vo_agam_output.cog.sanger.ac.uk/AR0060-C.gatk.zarr.zip,coluzzii
49,https://vo_agam_output.cog.sanger.ac.uk/AR0022-C.gatk.zarr.zip,coluzzii
50,https://vo_agam_output.cog.sanger.ac.uk/AR0002-C.gatk.zarr.zip,coluzzii
51,https://vo_agam_output.cog.sanger.ac.uk/AR0059-C.gatk.zarr.zip,coluzzii
52,https://vo_agam_output.cog.sanger.ac.uk/AR0048-C.gatk.zarr.zip,coluzzii
53,https://vo_agam_output.cog.sanger.ac.uk/AR0011-C.gatk.zarr.zip,coluzzii
54,https://vo_agam_output.cog.sanger.ac.uk/AR0009-C.gatk.zarr.zip,coluzzii
55,https://vo_agam_output.cog.sanger.ac.uk/AR0043-C.gatk.zarr.zip,coluzzii
56,https://vo_agam_output.cog.sanger.ac.uk/AR0035-C.gatk.zarr.zip,coluzzii
57,https://vo_agam_output.cog.sanger.ac.uk/AR0074-C.gatk.zarr.zip,coluzzii
58,https://vo_agam_output.cog.sanger.ac.uk/AR0045-C.gatk.zarr.zip,coluzzii
59,https://vo_agam_output.cog.sanger.ac.uk/AR0073-C.gatk.zarr.zip,coluzzii
60,https://vo_agam_output.cog.sanger.ac.uk/AR0004-C.gatk.zarr.zip,coluzzii
61,https://vo_agam_output.cog.sanger.ac.uk/AR0040-C.gatk.zarr.zip,coluzzii
62,https://vo_agam_output.cog.sanger.ac.uk/AR0052-C.gatk.zarr.zip,coluzzii
63,https://vo_agam_output.cog.sanger.ac.uk/AR0064-C.gatk.zarr.zip,coluzzii
64,https://vo_agam_output.cog.sanger.ac.uk/AR0044-C.gatk.zarr.zip,coluzzii
65,https://vo_agam_output.cog.sanger.ac.uk/AR0036-C.gatk.zarr.zip,coluzzii
66,https://vo_agam_output.cog.sanger.ac.uk/AR0001-C.gatk.zarr.zip,coluzzii
67,https://vo_agam_output.cog.sanger.ac.uk/AR0006-C.gatk.zarr.zip,coluzzii
68,https://vo_agam_output.cog.sanger.ac.uk/AR0046-C.gatk.zarr.zip,coluzzii
69,https://vo_agam_output.cog.sanger.ac.uk/AR0070-Cx.gatk.zarr.zip,coluzzii
70,https://vo_agam_output.cog.sanger.ac.uk/AR0010-Cx.gatk.zarr.zip,coluzzii
71,https://vo_agam_output.cog.sanger.ac.uk/AR0090-Cx.gatk.zarr.zip,coluzzii
72,https://vo_agam_output.cog.sanger.ac.uk/AR0054-Cx.gatk.zarr.zip,coluzzii
73,https://vo_agam_output.cog.sanger.ac.uk/AR0016-Cx.gatk.zarr.zip,coluzzii
74,https://vo_agam_output.cog.sanger.ac.uk/AR0050-Cx.gatk.zarr.zip,coluzzii
75,https://vo_agam_output.cog.sanger.ac.uk/AR0069-Cx.gatk.zarr.zip,coluzzii
76,https://vo_agam_output.cog.sanger.ac.uk/AR0018-Cx.gatk.zarr.zip,coluzzii
77,https://vo_agam_output.cog.sanger.ac.uk/AR0081-Cx.gatk.zarr.zip,coluzzii
78,https://vo_agam_output.cog.sanger.ac.uk/AR0013-Cx.gatk.zarr.zip,coluzzii
79,https://vo_agam_output.cog.sanger.ac.uk/AR0026-C.gatk.zarr.zip,coluzzii
80,https://vo_agam_output.cog.sanger.ac.uk/AR0053-C.gatk.zarr.zip,coluzzii
81,https://vo_agam_output.cog.sanger.ac.uk/AB0085-Cx.gatk.zarr.zip,gambiae
82,https://vo_agam_output.cog.sanger.ac.uk/AB0086-Cx.gatk.zarr.zip,gambiae
83,https://vo_agam_output.cog.sanger.ac.uk/AB0087-C.gatk.zarr.zip,coluzzii
84,https://vo_agam_output.cog.sanger.ac.uk/AB0088-C.gatk.zarr.zip,coluzzii
85,https://vo_agam_output.cog.sanger.ac.uk/AB0089-Cx.gatk.zarr.zip,coluzzii
86,https://vo_agam_output.cog.sanger.ac.uk/AB0090-C.gatk.zarr.zip,coluzzii
87,https://vo_agam_output.cog.sanger.ac.uk/AB0091-C.gatk.zarr.zip,coluzzii
88,https://vo_agam_output.cog.sanger.ac.uk/AB0092-C.gatk.zarr.zip,coluzzii
89,https://vo_agam_output.cog.sanger.ac.uk/AB0094-Cx.gatk.zarr.zip,coluzzii
90,https://vo_agam_output.cog.sanger.ac.uk/AB0095-Cx.gatk.zarr.zip,coluzzii
91,https://vo_agam_output.cog.sanger.ac.uk/AB0096-C.gatk.zarr.zip,gambiae
92,https://vo_agam_output.cog.sanger.ac.uk/AB0097-Cx.gatk.zarr.zip,coluzzii
93,https://vo_agam_output.cog.sanger.ac.uk/AB0098-Cx.gatk.zarr.zip,coluzzii
94,https://vo_agam_output.cog.sanger.ac.uk/AB0099-Cx.gatk.zarr.zip,coluzzii
95,https://vo_agam_output.cog.sanger.ac.uk/AB0100-C.gatk.zarr.zip,coluzzii
96,https://vo_agam_output.cog.sanger.ac.uk/AB0101-C.gatk.zarr.zip,coluzzii
97,https://vo_agam_output.cog.sanger.ac.uk/AB0103-C.gatk.zarr.zip,gambiae
98,https://vo_agam_output.cog.sanger.ac.uk/AB0104-Cx.gatk.zarr.zip,gambiae
99,https://vo_agam_output.cog.sanger.ac.uk/AB0109-C.gatk.zarr.zip,coluzzii
100,https://vo_agam_output.cog.sanger.ac.uk/AB0110-C.gatk.zarr.zip,coluzzii
101,https://vo_agam_output.cog.sanger.ac.uk/AB0111-C.gatk.zarr.zip,coluzzii
102,https://vo_agam_output.cog.sanger.ac.uk/AB0112-C.gatk.zarr.zip,coluzzii
103,https://vo_agam_output.cog.sanger.ac.uk/AB0113-C.gatk.zarr.zip,coluzzii
104,https://vo_agam_output.cog.sanger.ac.uk/AB0114-C.gatk.zarr.zip,coluzzii
105,https://vo_agam_output.cog.sanger.ac.uk/AB0115-C.gatk.zarr.zip,coluzzii
106,https://vo_agam_output.cog.sanger.ac.uk/AB0116-C.gatk.zarr.zip,gambiae
107,https://vo_agam_output.cog.sanger.ac.uk/AB0117-C.gatk.zarr.zip,gambiae
108,https://vo_agam_output.cog.sanger.ac.uk/AB0118-C.gatk.zarr.zip,gambiae
109,https://vo_agam_output.cog.sanger.ac.uk/AB0119-C.gatk.zarr.zip,gambiae
110,https://vo_agam_output.cog.sanger.ac.uk/AB0121-C.gatk.zarr.zip,coluzzii
111,https://vo_agam_output.cog.sanger.ac.uk/AB0122-C.gatk.zarr.zip,coluzzii
112,https://vo_agam_output.cog.sanger.ac.uk/AB0123-C.gatk.zarr.zip,coluzzii
113,https://vo_agam_output.cog.sanger.ac.uk/AB0124-C.gatk.zarr.zip,coluzzii
114,https://vo_agam_output.cog.sanger.ac.uk/AB0126-Cx.gatk.zarr.zip,gambiae
115,https://vo_agam_output.cog.sanger.ac.uk/AB0127-C.gatk.zarr.zip,gambiae
116,https://vo_agam_output.cog.sanger.ac.uk/AB0128-C.gatk.zarr.zip,gambiae
117,https://vo_agam_output.cog.sanger.ac.uk/AB0129-C.gatk.zarr.zip,gambiae
118,https://vo_agam_output.cog.sanger.ac.uk/AB0130-Cx.gatk.zarr.zip,gambiae
119,https://vo_agam_output.cog.sanger.ac.uk/AB0131-Cx.gatk.zarr.zip,gambiae
120,https://vo_agam_output.cog.sanger.ac.uk/AB0132-C.gatk.zarr.zip,coluzzii
121,https://vo_agam_output.cog.sanger.ac.uk/AB0133-C.gatk.zarr.zip,gambiae
122,https://vo_agam_output.cog.sanger.ac.uk/AB0134-C.gatk.zarr.zip,gambiae
123,https://vo_agam_output.cog.sanger.ac.uk/AB0135-C.gatk.zarr.zip,gambiae
124,https://vo_agam_output.cog.sanger.ac.uk/AB0136-Cx.gatk.zarr.zip,gambiae
125,https://vo_agam_output.cog.sanger.ac.uk/AB0137-Cx.gatk.zarr.zip,coluzzii
126,https://vo_agam_output.cog.sanger.ac.uk/AB0138-Cx.gatk.zarr.zip,coluzzii
127,https://vo_agam_output.cog.sanger.ac.uk/AB0139-C.gatk.zarr.zip,coluzzii
128,https://vo_agam_output.cog.sanger.ac.uk/AB0140-C.gatk.zarr.zip,coluzzii
129,https://vo_agam_output.cog.sanger.ac.uk/AB0142-C.gatk.zarr.zip,coluzzii
130,https://vo_agam_output.cog.sanger.ac.uk/AB0143-Cx.gatk.zarr.zip,gambiae
131,https://vo_agam_output.cog.sanger.ac.uk/AB0144-C.gatk.zarr.zip,gambiae
132,https://vo_agam_output.cog.sanger.ac.uk/AB0145-C.gatk.zarr.zip,gambiae
133,https://vo_agam_output.cog.sanger.ac.uk/AB0146-Cx.gatk.zarr.zip,gambiae
134,https://vo_agam_output.cog.sanger.ac.uk/AB0147-C.gatk.zarr.zip,gambiae
135,https://vo_agam_output.cog.sanger.ac.uk/AB0148-Cx.gatk.zarr.zip,gambiae
136,https://vo_agam_output.cog.sanger.ac.uk/AB0150-Cx.gatk.zarr.zip,gambiae
137,https://vo_agam_output.cog.sanger.ac.uk/AB0151-Cx.gatk.zarr.zip,gambiae
138,https://vo_agam_output.cog.sanger.ac.uk/AB0153-C.gatk.zarr.zip,gambiae
139,https://vo_agam_output.cog.sanger.ac.uk/AB0155-Cx.gatk.zarr.zip,gambiae
140,https://vo_agam_output.cog.sanger.ac.uk/AB0157-Cx.gatk.zarr.zip,gambiae
141,https://vo_agam_output.cog.sanger.ac.uk/AB0158-Cx.gatk.zarr.zip,gambiae
142,https://vo_agam_output.cog.sanger.ac.uk/AB0159-C.gatk.zarr.zip,gambiae
143,https://vo_agam_output.cog.sanger.ac.uk/AB0160-Cx.gatk.zarr.zip,gambiae
144,https://vo_agam_output.cog.sanger.ac.uk/AB0161-C.gatk.zarr.zip,gambiae
145,https://vo_agam_output.cog.sanger.ac.uk/AB0162-C.gatk.zarr.zip,gambiae
146,https://vo_agam_output.cog.sanger.ac.uk/AB0164-C.gatk.zarr.zip,gambiae
147,https://vo_agam_output.cog.sanger.ac.uk/AB0165-C.gatk.zarr.zip,gambiae
148,https://vo_agam_output.cog.sanger.ac.uk/AB0166-C.gatk.zarr.zip,gambiae
149,https://vo_agam_output.cog.sanger.ac.uk/AB0167-C.gatk.zarr.zip,gambiae
150,https://vo_agam_output.cog.sanger.ac.uk/AB0169-C.gatk.zarr.zip,gambiae
151,https://vo_agam_output.cog.sanger.ac.uk/AB0170-C.gatk.zarr.zip,gambiae
152,https://vo_agam_output.cog.sanger.ac.uk/AB0171-Cx.gatk.zarr.zip,gambiae
153,https://vo_agam_output.cog.sanger.ac.uk/AB0172-Cx.gatk.zarr.zip,gambiae
154,https://vo_agam_output.cog.sanger.ac.uk/AB0173-C.gatk.zarr.zip,gambiae
155,https://vo_agam_output.cog.sanger.ac.uk/AB0174-C.gatk.zarr.zip,gambiae
156,https://vo_agam_output.cog.sanger.ac.uk/AB0175-Cx.gatk.zarr.zip,gambiae
157,https://vo_agam_output.cog.sanger.ac.uk/AB0176-Cx.gatk.zarr.zip,gambiae
158,https://vo_agam_output.cog.sanger.ac.uk/AB0177-C.gatk.zarr.zip,gambiae
159,https://vo_agam_output.cog.sanger.ac.uk/AB0178-C.gatk.zarr.zip,gambiae
160,https://vo_agam_output.cog.sanger.ac.uk/AB0179-Cx.gatk.zarr.zip,gambiae
161,https://vo_agam_output.cog.sanger.ac.uk/AB0180-Cx.gatk.zarr.zip,gambiae
162,https://vo_agam_output.cog.sanger.ac.uk/AB0181-C.gatk.zarr.zip,coluzzii
163,https://vo_agam_output.cog.sanger.ac.uk/AB0182-C.gatk.zarr.zip,coluzzii
164,https://vo_agam_output.cog.sanger.ac.uk/AB0183-C.gatk.zarr.zip,coluzzii
165,https://vo_agam_output.cog.sanger.ac.uk/AB0184-C.gatk.zarr.zip,coluzzii
166,https://vo_agam_output.cog.sanger.ac.uk/AB0185-Cx.gatk.zarr.zip,coluzzii
167,https://vo_agam_output.cog.sanger.ac.uk/AB0186-C.gatk.zarr.zip,coluzzii
168,https://vo_agam_output.cog.sanger.ac.uk/AB0187-C.gatk.zarr.zip,coluzzii
169,https://vo_agam_output.cog.sanger.ac.uk/AB0188-C.gatk.zarr.zip,coluzzii
170,https://vo_agam_output.cog.sanger.ac.uk/AB0189-C.gatk.zarr.zip,coluzzii
171,https://vo_agam_output.cog.sanger.ac.uk/AB0190-C.gatk.zarr.zip,coluzzii
172,https://vo_agam_output.cog.sanger.ac.uk/AB0191-Cx.gatk.zarr.zip,coluzzii
173,https://vo_agam_output.cog.sanger.ac.uk/AB0192-C.gatk.zarr.zip,coluzzii
174,https://vo_agam_output.cog.sanger.ac.uk/AB0193-C.gatk.zarr.zip,coluzzii
175,https://vo_agam_output.cog.sanger.ac.uk/AB0194-C.gatk.zarr.zip,coluzzii
176,https://vo_agam_output.cog.sanger.ac.uk/AB0196-C.gatk.zarr.zip,coluzzii
177,https://vo_agam_output.cog.sanger.ac.uk/AB0197-C.gatk.zarr.zip,gambiae
178,https://vo_agam_output.cog.sanger.ac.uk/AB0198-C.gatk.zarr.zip,gambiae
179,https://vo_agam_output.cog.sanger.ac.uk/AB0199-C.gatk.zarr.zip,gambiae
180,https://vo_agam_output.cog.sanger.ac.uk/AB0200-C.gatk.zarr.zip,gambiae
181,https://vo_agam_output.cog.sanger.ac.uk/AB0201-Cx.gatk.zarr.zip,gambiae
182,https://vo_agam_output.cog.sanger.ac.uk/AB0202-Cx.gatk.zarr.zip,gambiae
183,https://vo_agam_output.cog.sanger.ac.uk/AB0203-C.gatk.zarr.zip,gambiae
184,https://vo_agam_output.cog.sanger.ac.uk/AB0204-C.gatk.zarr.zip,coluzzii
185,https://vo_agam_output.cog.sanger.ac.uk/AB0205-C.gatk.zarr.zip,gambiae
186,https://vo_agam_output.cog.sanger.ac.uk/AB0206-C.gatk.zarr.zip,gambiae
187,https://vo_agam_output.cog.sanger.ac.uk/AB0207-C.gatk.zarr.zip,gambiae
188,https://vo_agam_output.cog.sanger.ac.uk/AB0208-C.gatk.zarr.zip,gambiae
189,https://vo_agam_output.cog.sanger.ac.uk/AB0209-C.gatk.zarr.zip,coluzzii
190,https://vo_agam_output.cog.sanger.ac.uk/AB0210-C.gatk.zarr.zip,coluzzii
191,https://vo_agam_output.cog.sanger.ac.uk/AB0211-C.gatk.zarr.zip,gambiae
192,https://vo_agam_output.cog.sanger.ac.uk/AB0212-C.gatk.zarr.zip,coluzzii
193,https://vo_agam_output.cog.sanger.ac.uk/AB0213-C.gatk.zarr.zip,coluzzii
194,https://vo_agam_output.cog.sanger.ac.uk/AB0214-C.gatk.zarr.zip,coluzzii
195,https://vo_agam_output.cog.sanger.ac.uk/AB0215-C.gatk.zarr.zip,coluzzii
196,https://vo_agam_output.cog.sanger.ac.uk/AB0216-C.gatk.zarr.zip,coluzzii
197,https://vo_agam_output.cog.sanger.ac.uk/AB0217-C.gatk.zarr.zip,gambiae
198,https://vo_agam_output.cog.sanger.ac.uk/AB0218-C.gatk.zarr.zip,gambiae
199,https://vo_agam_output.cog.sanger.ac.uk/AB0219-Cx.gatk.zarr.zip,coluzzii
200,https://vo_agam_output.cog.sanger.ac.uk/AB0221-C.gatk.zarr.zip,coluzzii
201,https://vo_agam_output.cog.sanger.ac.uk/AB0222-C.gatk.zarr.zip,coluzzii
202,https://vo_agam_output.cog.sanger.ac.uk/AB0223-C.gatk.zarr.zip,coluzzii
203,https://vo_agam_output.cog.sanger.ac.uk/AB0224-C.gatk.zarr.zip,coluzzii
204,https://vo_agam_output.cog.sanger.ac.uk/AB0225-C.gatk.zarr.zip,gambiae
205,https://vo_agam_output.cog.sanger.ac.uk/AB0226-C.gatk.zarr.zip,coluzzii
206,https://vo_agam_output.cog.sanger.ac.uk/AB0227-Cx.gatk.zarr.zip,coluzzii
207,https://vo_agam_output.cog.sanger.ac.uk/AB0228-C.gatk.zarr.zip,gambiae
208,https://vo_agam_output.cog.sanger.ac.uk/AB0229-C.gatk.zarr.zip,coluzzii
209,https://vo_agam_output.cog.sanger.ac.uk/AB0230-Cx.gatk.zarr.zip,coluzzii
210,https://vo_agam_output.cog.sanger.ac.uk/AB0231-C.gatk.zarr.zip,gambiae
211,https://vo_agam_output.cog.sanger.ac.uk/AB0232-Cx.gatk.zarr.zip,gambiae
212,https://vo_agam_output.cog.sanger.ac.uk/AB0233-C.gatk.zarr.zip,gambiae
213,https://vo_agam_output.cog.sanger.ac.uk/AB0234-C.gatk.zarr.zip,coluzzii
214,https://vo_agam_output.cog.sanger.ac.uk/AB0235-C.gatk.zarr.zip,gambiae
215,https://vo_agam_output.cog.sanger.ac.uk/AB0236-Cx.gatk.zarr.zip,gambiae
216,https://vo_agam_output.cog.sanger.ac.uk/AB0237-C.gatk.zarr.zip,coluzzii
217,https://vo_agam_output.cog.sanger.ac.uk/AB0238-C.gatk.zarr.zip,gambiae
218,https://vo_agam_output.cog.sanger.ac.uk/AB0239-C.gatk.zarr.zip,gambiae
219,https://vo_agam_output.cog.sanger.ac.uk/AB0240-C.gatk.zarr.zip,coluzzii
220,https://vo_agam_output.cog.sanger.ac.uk/AB0241-C.gatk.zarr.zip,gambiae
221,https://vo_agam_output.cog.sanger.ac.uk/AB0242-C.gatk.zarr.zip,coluzzii
222,https://vo_agam_output.cog.sanger.ac.uk/AB0243-C.gatk.zarr.zip,coluzzii
223,https://vo_agam_output.cog.sanger.ac.uk/AB0244-C.gatk.zarr.zip,gambiae
224,https://vo_agam_output.cog.sanger.ac.uk/AB0246-C.gatk.zarr.zip,coluzzii
225,https://vo_agam_output.cog.sanger.ac.uk/AB0247-C.gatk.zarr.zip,coluzzii
226,https://vo_agam_output.cog.sanger.ac.uk/AB0248-C.gatk.zarr.zip,coluzzii
227,https://vo_agam_output.cog.sanger.ac.uk/AB0249-Cx.gatk.zarr.zip,coluzzii
228,https://vo_agam_output.cog.sanger.ac.uk/AB0250-Cx.gatk.zarr.zip,coluzzii
229,https://vo_agam_output.cog.sanger.ac.uk/AB0251-C.gatk.zarr.zip,gambiae
230,https://vo_agam_output.cog.sanger.ac.uk/AB0252-C.gatk.zarr.zip,gambiae
231,https://vo_agam_output.cog.sanger.ac.uk/AB0253-C.gatk.zarr.zip,gambiae
232,https://vo_agam_output.cog.sanger.ac.uk/AB0255-C.gatk.zarr.zip,gambiae
233,https://vo_agam_output.cog.sanger.ac.uk/AB0256-C.gatk.zarr.zip,gambiae
234,https://vo_agam_output.cog.sanger.ac.uk/AB0257-C.gatk.zarr.zip,coluzzii
235,https://vo_agam_output.cog.sanger.ac.uk/AB0258-Cx.gatk.zarr.zip,coluzzii
236,https://vo_agam_output.cog.sanger.ac.uk/AB0259-Cx.gatk.zarr.zip,coluzzii
237,https://vo_agam_output.cog.sanger.ac.uk/AB0260-C.gatk.zarr.zip,gambiae
238,https://vo_agam_output.cog.sanger.ac.uk/AB0261-Cx.gatk.zarr.zip,gambiae
239,https://vo_agam_output.cog.sanger.ac.uk/AB0262-Cx.gatk.zarr.zip,coluzzii
240,https://vo_agam_output.cog.sanger.ac.uk/AB0263-C.gatk.zarr.zip,coluzzii
241,https://vo_agam_output.cog.sanger.ac.uk/AB0264-C.gatk.zarr.zip,gambiae
242,https://vo_agam_output.cog.sanger.ac.uk/AB0265-C.gatk.zarr.zip,gambiae
243,https://vo_agam_output.cog.sanger.ac.uk/AB0266-Cx.gatk.zarr.zip,coluzzii
244,https://vo_agam_output.cog.sanger.ac.uk/AB0267-C.gatk.zarr.zip,coluzzii
245,https://vo_agam_output.cog.sanger.ac.uk/AB0268-C.gatk.zarr.zip,gambiae
246,https://vo_agam_output.cog.sanger.ac.uk/AB0269-Cx.gatk.zarr.zip,gambiae
247,https://vo_agam_output.cog.sanger.ac.uk/AB0270-C.gatk.zarr.zip,gambiae
248,https://vo_agam_output.cog.sanger.ac.uk/AB0271-Cx.gatk.zarr.zip,gambiae
249,https://vo_agam_output.cog.sanger.ac.uk/AB0272-Cx.gatk.zarr.zip,gambiae
250,https://vo_agam_output.cog.sanger.ac.uk/AB0273-Cx.gatk.zarr.zip,gambiae
251,https://vo_agam_output.cog.sanger.ac.uk/AB0274-C.gatk.zarr.zip,gambiae
252,https://vo_agam_output.cog.sanger.ac.uk/AB0275-C.gatk.zarr.zip,gambiae
253,https://vo_agam_output.cog.sanger.ac.uk/AB0276-C.gatk.zarr.zip,coluzzii
254,https://vo_agam_output.cog.sanger.ac.uk/AB0277-C.gatk.zarr.zip,gambiae
255,https://vo_agam_output.cog.sanger.ac.uk/AB0278-C.gatk.zarr.zip,gambiae
256,https://vo_agam_output.cog.sanger.ac.uk/AB0279-C.gatk.zarr.zip,coluzzii
257,https://vo_agam_output.cog.sanger.ac.uk/AB0280-Cx.gatk.zarr.zip,gambiae
258,https://vo_agam_output.cog.sanger.ac.uk/AB0281-Cx.gatk.zarr.zip,gambiae
259,https://vo_agam_output.cog.sanger.ac.uk/AB0282-Cx.gatk.zarr.zip,coluzzii
260,https://vo_agam_output.cog.sanger.ac.uk/AB0283-C.gatk.zarr.zip,gambiae
261,https://vo_agam_output.cog.sanger.ac.uk/AB0284-C.gatk.zarr.zip,gambiae
262,https://vo_agam_output.cog.sanger.ac.uk/AB0326-C.gatk.zarr.zip,coluzzii
263,https://vo_agam_output.cog.sanger.ac.uk/AB0327-C.gatk.zarr.zip,coluzzii
264,https://vo_agam_output.cog.sanger.ac.uk/AB0328-C.gatk.zarr.zip,coluzzii
265,https://vo_agam_output.cog.sanger.ac.uk/AB0329-C.gatk.zarr.zip,coluzzii
266,https://vo_agam_output.cog.sanger.ac.uk/AB0330-C.gatk.zarr.zip,coluzzii
267,https://vo_agam_output.cog.sanger.ac.uk/AB0331-C.gatk.zarr.zip,coluzzii
268,https://vo_agam_output.cog.sanger.ac.uk/AB0332-C.gatk.zarr.zip,coluzzii
269,https://vo_agam_output.cog.sanger.ac.uk/AB0333-C.gatk.zarr.zip,arabiensis
270,https://vo_agam_output.cog.sanger.ac.uk/AB0334-C.gatk.zarr.zip,coluzzii
271,https://vo_agam_output.cog.sanger.ac.uk/AB0337-C.gatk.zarr.zip,coluzzii
272,https://vo_agam_output.cog.sanger.ac.uk/AB0338-C.gatk.zarr.zip,coluzzii
273,https://vo_agam_output.cog.sanger.ac.uk/AB0339-C.gatk.zarr.zip,coluzzii
274,https://vo_agam_output.cog.sanger.ac.uk/AB0340-C.gatk.zarr.zip,coluzzii
275,https://vo_agam_output.cog.sanger.ac.uk/AB0341-C.gatk.zarr.zip,coluzzii
276,https://vo_agam_output.cog.sanger.ac.uk/AB0348-C.gatk.zarr.zip,coluzzii
277,https://vo_agam_output.cog.sanger.ac.uk/AB0351-C.gatk.zarr.zip,coluzzii
278,https://vo_agam_output.cog.sanger.ac.uk/AB0352-C.gatk.zarr.zip,coluzzii
279,https://vo_agam_output.cog.sanger.ac.uk/AB0354-C.gatk.zarr.zip,coluzzii
280,https://vo_agam_output.cog.sanger.ac.uk/AB0355-C.gatk.zarr.zip,coluzzii
281,https://vo_agam_output.cog.sanger.ac.uk/AB0356-C.gatk.zarr.zip,coluzzii
282,https://vo_agam_output.cog.sanger.ac.uk/AB0357-C.gatk.zarr.zip,coluzzii
283,https://vo_agam_output.cog.sanger.ac.uk/AB0358-C.gatk.zarr.zip,coluzzii
284,https://vo_agam_output.cog.sanger.ac.uk/AB0359-C.gatk.zarr.zip,coluzzii
285,https://vo_agam_output.cog.sanger.ac.uk/AB0360-C.gatk.zarr.zip,coluzzii
286,https://vo_agam_output.cog.sanger.ac.uk/AB0361-C.gatk.zarr.zip,coluzzii
287,https://vo_agam_output.cog.sanger.ac.uk/AB0362-C.gatk.zarr.zip,coluzzii
288,https://vo_agam_output.cog.sanger.ac.uk/AB0363-C.gatk.zarr.zip,coluzzii
289,https://vo_agam_output.cog.sanger.ac.uk/AB0364-C.gatk.zarr.zip,coluzzii
290,https://vo_agam_output.cog.sanger.ac.uk/AB0365-C.gatk.zarr.zip,coluzzii
291,https://vo_agam_output.cog.sanger.ac.uk/AB0366-C.gatk.zarr.zip,coluzzii
292,https://vo_agam_output.cog.sanger.ac.uk/AB0367-C.gatk.zarr.zip,coluzzii
293,https://vo_agam_output.cog.sanger.ac.uk/AB0368-C.gatk.zarr.zip,coluzzii
294,https://vo_agam_output.cog.sanger.ac.uk/AB0369-C.gatk.zarr.zip,coluzzii
295,https://vo_agam_output.cog.sanger.ac.uk/AB0370-C.gatk.zarr.zip,coluzzii
296,https://vo_agam_output.cog.sanger.ac.uk/AB0371-C.gatk.zarr.zip,coluzzii
297,https://vo_agam_output.cog.sanger.ac.uk/AB0372-C.gatk.zarr.zip,coluzzii
298,https://vo_agam_output.cog.sanger.ac.uk/AB0373-C.gatk.zarr.zip,gambiae
299,https://vo_agam_output.cog.sanger.ac.uk/AB0374-C.gatk.zarr.zip,gambiae
300,https://vo_agam_output.cog.sanger.ac.uk/AB0375-C.gatk.zarr.zip,gambiae
301,https://vo_agam_output.cog.sanger.ac.uk/AB0378-C.gatk.zarr.zip,gambiae
302,https://vo_agam_output.cog.sanger.ac.uk/AB0379-C.gatk.zarr.zip,gambiae
303,https://vo_agam_output.cog.sanger.ac.uk/AB0381-C.gatk.zarr.zip,gambiae
304,https://vo_agam_output.cog.sanger.ac.uk/AB0386-C.gatk.zarr.zip,gambiae
305,https://vo_agam_output.cog.sanger.ac.uk/AB0388-C.gatk.zarr.zip,gambiae
306,https://vo_agam_output.cog.sanger.ac.uk/AB0389-C.gatk.zarr.zip,gambiae
307,https://vo_agam_output.cog.sanger.ac.uk/AB0396-C.gatk.zarr.zip,coluzzii
308,https://vo_agam_output.cog.sanger.ac.uk/AB0397-C.gatk.zarr.zip,coluzzii
309,https://vo_agam_output.cog.sanger.ac.uk/AB0398-C.gatk.zarr.zip,coluzzii
310,https://vo_agam_output.cog.sanger.ac.uk/AB0399-C.gatk.zarr.zip,coluzzii
311,https://vo_agam_output.cog.sanger.ac.uk/AB0400-C.gatk.zarr.zip,coluzzii
312,https://vo_agam_output.cog.sanger.ac.uk/AB0403-C.gatk.zarr.zip,coluzzii
313,https://vo_agam_output.cog.sanger.ac.uk/AB0404-C.gatk.zarr.zip,coluzzii
314,https://vo_agam_output.cog.sanger.ac.uk/AB0409-C.gatk.zarr.zip,coluzzii
315,https://vo_agam_output.cog.sanger.ac.uk/AB0410-C.gatk.zarr.zip,coluzzii
316,https://vo_agam_output.cog.sanger.ac.uk/AB0411-C.gatk.zarr.zip,coluzzii
317,https://vo_agam_output.cog.sanger.ac.uk/AB0413-C.gatk.zarr.zip,coluzzii
318,https://vo_agam_output.cog.sanger.ac.uk/AB0432-C.gatk.zarr.zip,gambiae
319,https://vo_agam_output.cog.sanger.ac.uk/AB0433-C.gatk.zarr.zip,gambiae
320,https://vo_agam_output.cog.sanger.ac.uk/AB0435-C.gatk.zarr.zip,gambiae
321,https://vo_agam_output.cog.sanger.ac.uk/AB0436-C.gatk.zarr.zip,gambiae
322,https://vo_agam_output.cog.sanger.ac.uk/AB0439-C.gatk.zarr.zip,gambiae
323,https://vo_agam_output.cog.sanger.ac.uk/AB0440-C.gatk.zarr.zip,gambiae
324,https://vo_agam_output.cog.sanger.ac.uk/AB0457-C.gatk.zarr.zip,arabiensis
325,https://vo_agam_output.cog.sanger.ac.uk/AB0458-C.gatk.zarr.zip,gambiae
326,https://vo_agam_output.cog.sanger.ac.uk/AB0459-C.gatk.zarr.zip,gambiae
327,https://vo_agam_output.cog.sanger.ac.uk/AB0460-C.gatk.zarr.zip,gambiae
328,https://vo_agam_output.cog.sanger.ac.uk/AB0462-C.gatk.zarr.zip,gambiae
329,https://vo_agam_output.cog.sanger.ac.uk/AB0463-C.gatk.zarr.zip,gambiae
330,https://vo_agam_output.cog.sanger.ac.uk/AB0465-C.gatk.zarr.zip,gambiae
331,https://vo_agam_output.cog.sanger.ac.uk/AB0466-C.gatk.zarr.zip,gambiae
332,https://vo_agam_output.cog.sanger.ac.uk/AB0467-C.gatk.zarr.zip,gambiae
333,https://vo_agam_output.cog.sanger.ac.uk/AB0468-C.gatk.zarr.zip,gambiae
334,https://vo_agam_output.cog.sanger.ac.uk/AB0469-C.gatk.zarr.zip,gambiae
335,https://vo_agam_output.cog.sanger.ac.uk/AB0470-C.gatk.zarr.zip,gambiae
336,https://vo_agam_output.cog.sanger.ac.uk/AB0471-C.gatk.zarr.zip,gambiae
337,https://vo_agam_output.cog.sanger.ac.uk/AB0472-C.gatk.zarr.zip,gambiae
338,https://vo_agam_output.cog.sanger.ac.uk/AB0473-C.gatk.zarr.zip,gambiae
339,https://vo_agam_output.cog.sanger.ac.uk/AB0474-C.gatk.zarr.zip,gambiae
340,https://vo_agam_output.cog.sanger.ac.uk/AB0477-C.gatk.zarr.zip,gambiae
341,https://vo_agam_output.cog.sanger.ac.uk/AB0502-C.gatk.zarr.zip,arabiensis
342,https://vo_agam_output.cog.sanger.ac.uk/AB0503-C.gatk.zarr.zip,coluzzii
343,https://vo_agam_output.cog.sanger.ac.uk/AB0504-C.gatk.zarr.zip,gambiae
344,https://vo_agam_output.cog.sanger.ac.uk/AB0505-C.gatk.zarr.zip,coluzzii
345,https://vo_agam_output.cog.sanger.ac.uk/AB0508-C.gatk.zarr.zip,coluzzii
346,https://vo_agam_output.cog.sanger.ac.uk/AB0509-C.gatk.zarr.zip,coluzzii
347,https://vo_agam_output.cog.sanger.ac.uk/AB0510-C.gatk.zarr.zip,coluzzii
348,https://vo_agam_output.cog.sanger.ac.uk/AB0517-C.gatk.zarr.zip,gambiae
349,https://vo_agam_output.cog.sanger.ac.uk/AB0523-C.gatk.zarr.zip,coluzzii
350,https://vo_agam_output.cog.sanger.ac.uk/AB0524-C.gatk.zarr.zip,gambiae
351,https://vo_agam_output.cog.sanger.ac.uk/AB0525-C.gatk.zarr.zip,gambiae
352,https://vo_agam_output.cog.sanger.ac.uk/AB0526-C.gatk.zarr.zip,gambiae
353,https://vo_agam_output.cog.sanger.ac.uk/AB0527-C.gatk.zarr.zip,gambiae
354,https://vo_agam_output.cog.sanger.ac.uk/AB0528-C.gatk.zarr.zip,gambiae
355,https://vo_agam_output.cog.sanger.ac.uk/AB0529-C.gatk.zarr.zip,gambiae
356,https://vo_agam_output.cog.sanger.ac.uk/AB0530-C.gatk.zarr.zip,gambiae
357,https://vo_agam_output.cog.sanger.ac.uk/AB0531-C.gatk.zarr.zip,gambiae
358,https://vo_agam_output.cog.sanger.ac.uk/AB0532-C.gatk.zarr.zip,gambiae
359,https://vo_agam_output.cog.sanger.ac.uk/AB0533-C.gatk.zarr.zip,gambiae
360,https://vo_agam_output.cog.sanger.ac.uk/AB0536-C.gatk.zarr.zip,gambiae
361,https://vo_agam_output.cog.sanger.ac.uk/AB0537-C.gatk.zarr.zip,gambiae
362,https://vo_agam_output.cog.sanger.ac.uk/AB0538-C.gatk.zarr.zip,gambiae
363,https://vo_agam_output.cog.sanger.ac.uk/AB0408-C.gatk.zarr.zip,coluzzii
364,https://vo_agam_output.cog.sanger.ac.uk/AB0298-C.gatk.zarr.zip,gambiae
365,https://vo_agam_output.cog.sanger.ac.uk/AB0299-C.gatk.zarr.zip,gambiae
366,https://vo_agam_output.cog.sanger.ac.uk/AB0301-C.gatk.zarr.zip,gambiae
367,https://vo_agam_output.cog.sanger.ac.uk/AB0302-C.gatk.zarr.zip,gambiae
368,https://vo_agam_output.cog.sanger.ac.uk/AB0303-C.gatk.zarr.zip,gambiae
369,https://vo_agam_output.cog.sanger.ac.uk/AB0309-C.gatk.zarr.zip,gambiae
370,https://vo_agam_output.cog.sanger.ac.uk/AB0312-C.gatk.zarr.zip,gambiae
371,https://vo_agam_output.cog.sanger.ac.uk/AB0313-C.gatk.zarr.zip,gambiae
372,https://vo_agam_output.cog.sanger.ac.uk/AB0314-C.gatk.zarr.zip,gambiae
373,https://vo_agam_output.cog.sanger.ac.uk/AB0315-C.gatk.zarr.zip,gambiae
374,https://vo_agam_output.cog.sanger.ac.uk/AB0316-C.gatk.zarr.zip,gambiae
375,https://vo_agam_output.cog.sanger.ac.uk/AB0318-C.gatk.zarr.zip,gambiae
376,https://vo_agam_output.cog.sanger.ac.uk/AB0325-C.gatk.zarr.zip,gambiae
377,https://vo_agam_output.cog.sanger.ac.uk/BP0009-C.gatk.zarr.zip,gambiae
378,https://vo_agam_output.cog.sanger.ac.uk/BP0010-C.gatk.zarr.zip,gambiae
379,https://vo_agam_output.cog.sanger.ac.uk/BP0011-C.gatk.zarr.zip,gambiae
380,https://vo_agam_output.cog.sanger.ac.uk/BP0012-C.gatk.zarr.zip,gambiae
381,https://vo_agam_output.cog.sanger.ac.uk/BP0013-C.gatk.zarr.zip,gambiae
382,https://vo_agam_output.cog.sanger.ac.uk/BP0015-C.gatk.zarr.zip,gambiae
383,https://vo_agam_output.cog.sanger.ac.uk/BP0016-C.gatk.zarr.zip,gambiae
384,https://vo_agam_output.cog.sanger.ac.uk/BP0017-C.gatk.zarr.zip,gambiae
385,https://vo_agam_output.cog.sanger.ac.uk/BP0018-C.gatk.zarr.zip,gambiae
386,https://vo_agam_output.cog.sanger.ac.uk/BP0019-C.gatk.zarr.zip,gambiae
387,https://vo_agam_output.cog.sanger.ac.uk/BP0020-C.gatk.zarr.zip,gambiae
388,https://vo_agam_output.cog.sanger.ac.uk/BP0021-C.gatk.zarr.zip,gambiae
389,https://vo_agam_output.cog.sanger.ac.uk/BP0022-C.gatk.zarr.zip,gambiae
390,https://vo_agam_output.cog.sanger.ac.uk/BP0023-C.gatk.zarr.zip,gambiae
391,https://vo_agam_output.cog.sanger.ac.uk/BP0024-C.gatk.zarr.zip,gambiae
392,https://vo_agam_output.cog.sanger.ac.uk/BP0025-C.gatk.zarr.zip,gambiae
393,https://vo_agam_output.cog.sanger.ac.uk/BP0026-C.gatk.zarr.zip,gambiae
394,https://vo_agam_output.cog.sanger.ac.uk/BP0027-C.gatk.zarr.zip,gambiae
395,https://vo_agam_output.cog.sanger.ac.uk/BP0028-C.gatk.zarr.zip,gambiae
396,https://vo_agam_output.cog.sanger.ac.uk/BP0029-C.gatk.zarr.zip,gambiae
397,https://vo_agam_output.cog.sanger.ac.uk/BP0030-C.gatk.zarr.zip,gambiae
398,https://vo_agam_output.cog.sanger.ac.uk/BP0031-C.gatk.zarr.zip,gambiae
399,https://vo_agam_output.cog.sanger.ac.uk/BP0032-C.gatk.zarr.zip,gambiae
400,https://vo_agam_output.cog.sanger.ac.uk/BP0033-C.gatk.zarr.zip,gambiae
401,https://vo_agam_output.cog.sanger.ac.uk/BP0034-C.gatk.zarr.zip,gambiae
402,https://vo_agam_output.cog.sanger.ac.uk/BP0035-C.gatk.zarr.zip,gambiae
403,https://vo_agam_output.cog.sanger.ac.uk/BP0036-C.gatk.zarr.zip,gambiae
404,https://vo_agam_output.cog.sanger.ac.uk/BP0037-C.gatk.zarr.zip,gambiae
405,https://vo_agam_output.cog.sanger.ac.uk/BP0038-C.gatk.zarr.zip,gambiae
406,https://vo_agam_output.cog.sanger.ac.uk/BP0039-C.gatk.zarr.zip,gambiae
407,https://vo_agam_output.cog.sanger.ac.uk/BP0040-C.gatk.zarr.zip,gambiae
408,https://vo_agam_output.cog.sanger.ac.uk/BP0041-C.gatk.zarr.zip,gambiae
409,https://vo_agam_output.cog.sanger.ac.uk/BP0042-C.gatk.zarr.zip,gambiae
410,https://vo_agam_output.cog.sanger.ac.uk/BP0043-C.gatk.zarr.zip,gambiae
411,https://vo_agam_output.cog.sanger.ac.uk/BP0044-C.gatk.zarr.zip,gambiae
412,https://vo_agam_output.cog.sanger.ac.uk/BP0045-C.gatk.zarr.zip,gambiae
413,https://vo_agam_output.cog.sanger.ac.uk/BP0046-C.gatk.zarr.zip,gambiae
414,https://vo_agam_output.cog.sanger.ac.uk/BP0047-C.gatk.zarr.zip,gambiae
415,https://vo_agam_output.cog.sanger.ac.uk/BP0048-C.gatk.zarr.zip,gambiae
416,https://vo_agam_output.cog.sanger.ac.uk/BP0049-C.gatk.zarr.zip,gambiae
417,https://vo_agam_output.cog.sanger.ac.uk/BP0050-C.gatk.zarr.zip,gambiae
418,https://vo_agam_output.cog.sanger.ac.uk/BP0051-C.gatk.zarr.zip,gambiae
419,https://vo_agam_output.cog.sanger.ac.uk/BP0052-C.gatk.zarr.zip,gambiae
420,https://vo_agam_output.cog.sanger.ac.uk/BP0053-C.gatk.zarr.zip,gambiae
421,https://vo_agam_output.cog.sanger.ac.uk/BP0054-C.gatk.zarr.zip,gambiae
422,https://vo_agam_output.cog.sanger.ac.uk/BP0055-C.gatk.zarr.zip,gambiae
423,https://vo_agam_output.cog.sanger.ac.uk/BP0056-C.gatk.zarr.zip,gambiae
424,https://vo_agam_output.cog.sanger.ac.uk/BP0057-C.gatk.zarr.zip,gambiae
425,https://vo_agam_output.cog.sanger.ac.uk/BP0058-C.gatk.zarr.zip,gambiae
426,https://vo_agam_output.cog.sanger.ac.uk/BP0059-C.gatk.zarr.zip,gambiae
427,https://vo_agam_output.cog.sanger.ac.uk/BP0060-C.gatk.zarr.zip,gambiae
428,https://vo_agam_output.cog.sanger.ac.uk/BP0061-C.gatk.zarr.zip,gambiae
429,https://vo_agam_output.cog.sanger.ac.uk/BP0062-C.gatk.zarr.zip,gambiae
430,https://vo_agam_output.cog.sanger.ac.uk/BP0064-C.gatk.zarr.zip,gambiae
431,https://vo_agam_output.cog.sanger.ac.uk/BP0065-C.gatk.zarr.zip,gambiae
432,https://vo_agam_output.cog.sanger.ac.uk/BP0066-C.gatk.zarr.zip,gambiae
433,https://vo_agam_output.cog.sanger.ac.uk/BP0067-C.gatk.zarr.zip,gambiae
434,https://vo_agam_output.cog.sanger.ac.uk/BP0069-C.gatk.zarr.zip,gambiae
435,https://vo_agam_output.cog.sanger.ac.uk/BP0070-C.gatk.zarr.zip,gambiae
436,https://vo_agam_output.cog.sanger.ac.uk/BP0071-C.gatk.zarr.zip,gambiae
437,https://vo_agam_output.cog.sanger.ac.uk/BP0072-C.gatk.zarr.zip,gambiae
438,https://vo_agam_output.cog.sanger.ac.uk/BP0074-C.gatk.zarr.zip,gambiae
439,https://vo_agam_output.cog.sanger.ac.uk/BP0075-C.gatk.zarr.zip,gambiae
440,https://vo_agam_output.cog.sanger.ac.uk/BP0076-C.gatk.zarr.zip,gambiae
441,https://vo_agam_output.cog.sanger.ac.uk/BP0077-C.gatk.zarr.zip,gambiae
442,https://vo_agam_output.cog.sanger.ac.uk/BP0078-C.gatk.zarr.zip,gambiae
443,https://vo_agam_output.cog.sanger.ac.uk/BP0079-C.gatk.zarr.zip,gambiae
444,https://vo_agam_output.cog.sanger.ac.uk/BP0080-C.gatk.zarr.zip,gambiae
445,https://vo_agam_output.cog.sanger.ac.uk/BP0081-C.gatk.zarr.zip,gambiae
446,https://vo_agam_output.cog.sanger.ac.uk/BP0001-C.gatk.zarr.zip,gambiae
447,https://vo_agam_output.cog.sanger.ac.uk/BP0002-C.gatk.zarr.zip,gambiae
448,https://vo_agam_output.cog.sanger.ac.uk/BP0003-C.gatk.zarr.zip,gambiae
449,https://vo_agam_output.cog.sanger.ac.uk/BP0004-C.gatk.zarr.zip,gambiae
450,https://vo_agam_output.cog.sanger.ac.uk/BP0006-C.gatk.zarr.zip,gambiae
451,https://vo_agam_output.cog.sanger.ac.uk/BP0007-C.gatk.zarr.zip,gambiae
452,https://vo_agam_output.cog.sanger.ac.uk/BP0008-C.gatk.zarr.zip,gambiae
453,https://vo_agam_output.cog.sanger.ac.uk/BK0001-C.gatk.zarr.zip,gambiae
454,https://vo_agam_output.cog.sanger.ac.uk/BK0002-C.gatk.zarr.zip,coluzzii
455,https://vo_agam_output.cog.sanger.ac.uk/BK0003-C.gatk.zarr.zip,coluzzii
456,https://vo_agam_output.cog.sanger.ac.uk/BK0005-C.gatk.zarr.zip,gambiae
457,https://vo_agam_output.cog.sanger.ac.uk/BK0006-C.gatk.zarr.zip,coluzzii
458,https://vo_agam_output.cog.sanger.ac.uk/BK0007-C.gatk.zarr.zip,coluzzii
459,https://vo_agam_output.cog.sanger.ac.uk/BK0008-C.gatk.zarr.zip,coluzzii
460,https://vo_agam_output.cog.sanger.ac.uk/BK0009-C.gatk.zarr.zip,gambiae
461,https://vo_agam_output.cog.sanger.ac.uk/BK0010-C.gatk.zarr.zip,gambiae
462,https://vo_agam_output.cog.sanger.ac.uk/BK0011-C.gatk.zarr.zip,gambiae
463,https://vo_agam_output.cog.sanger.ac.uk/BK0013-C.gatk.zarr.zip,gambiae
464,https://vo_agam_output.cog.sanger.ac.uk/BK0014-C.gatk.zarr.zip,coluzzii
465,https://vo_agam_output.cog.sanger.ac.uk/BK0015-C.gatk.zarr.zip,coluzzii
466,https://vo_agam_output.cog.sanger.ac.uk/BK0016-C.gatk.zarr.zip,gambiae
467,https://vo_agam_output.cog.sanger.ac.uk/BK0017-C.gatk.zarr.zip,coluzzii
468,https://vo_agam_output.cog.sanger.ac.uk/BK0018-C.gatk.zarr.zip,gambiae
469,https://vo_agam_output.cog.sanger.ac.uk/BK0019-C.gatk.zarr.zip,gambiae
470,https://vo_agam_output.cog.sanger.ac.uk/BK0021-C.gatk.zarr.zip,coluzzii
471,https://vo_agam_output.cog.sanger.ac.uk/BK0022-C.gatk.zarr.zip,gambiae
472,https://vo_agam_output.cog.sanger.ac.uk/BK0023-C.gatk.zarr.zip,gambiae
473,https://vo_agam_output.cog.sanger.ac.uk/BK0024-C.gatk.zarr.zip,coluzzii
474,https://vo_agam_output.cog.sanger.ac.uk/BK0025-C.gatk.zarr.zip,coluzzii
475,https://vo_agam_output.cog.sanger.ac.uk/BK0026-C.gatk.zarr.zip,gambiae
476,https://vo_agam_output.cog.sanger.ac.uk/BK0027-C.gatk.zarr.zip,gambiae
477,https://vo_agam_output.cog.sanger.ac.uk/BK0029-C.gatk.zarr.zip,gambiae
478,https://vo_agam_output.cog.sanger.ac.uk/BK0030-C.gatk.zarr.zip,gambiae
479,https://vo_agam_output.cog.sanger.ac.uk/BK0031-C.gatk.zarr.zip,coluzzii
480,https://vo_agam_output.cog.sanger.ac.uk/BK0032-C.gatk.zarr.zip,gambiae
481,https://vo_agam_output.cog.sanger.ac.uk/BK0033-C.gatk.zarr.zip,gambiae
482,https://vo_agam_output.cog.sanger.ac.uk/BK0034-C.gatk.zarr.zip,gambiae
483,https://vo_agam_output.cog.sanger.ac.uk/BK0035-C.gatk.zarr.zip,coluzzii
484,https://vo_agam_output.cog.sanger.ac.uk/BK0037-C.gatk.zarr.zip,gambiae
485,https://vo_agam_output.cog.sanger.ac.uk/BK0038-C.gatk.zarr.zip,gambiae
486,https://vo_agam_output.cog.sanger.ac.uk/BK0039-C.gatk.zarr.zip,gambiae
487,https://vo_agam_output.cog.sanger.ac.uk/BK0040-C.gatk.zarr.zip,gambiae
488,https://vo_agam_output.cog.sanger.ac.uk/BK0041-C.gatk.zarr.zip,coluzzii
489,https://vo_agam_output.cog.sanger.ac.uk/BK0042-C.gatk.zarr.zip,coluzzii
490,https://vo_agam_output.cog.sanger.ac.uk/BK0043-C.gatk.zarr.zip,gambiae
491,https://vo_agam_output.cog.sanger.ac.uk/BK0045-C.gatk.zarr.zip,gambiae
492,https://vo_agam_output.cog.sanger.ac.uk/BK0046-C.gatk.zarr.zip,gambiae
493,https://vo_agam_output.cog.sanger.ac.uk/BK0047-C.gatk.zarr.zip,gambiae
494,https://vo_agam_output.cog.sanger.ac.uk/BK0048-C.gatk.zarr.zip,gambiae
495,https://vo_agam_output.cog.sanger.ac.uk/BK0049-C.gatk.zarr.zip,gambiae
496,https://vo_agam_output.cog.sanger.ac.uk/BK0050-C.gatk.zarr.zip,gambiae
497,https://vo_agam_output.cog.sanger.ac.uk/BK0051-C.gatk.zarr.zip,gambiae
498,https://vo_agam_output.cog.sanger.ac.uk/BK0053-C.gatk.zarr.zip,gambiae
499,https://vo_agam_output.cog.sanger.ac.uk/BK0054-C.gatk.zarr.zip,gambiae
500,https://vo_agam_output.cog.sanger.ac.uk/BK0055-C.gatk.zarr.zip,gambiae
501,https://vo_agam_output.cog.sanger.ac.uk/BK0056-C.gatk.zarr.zip,gambiae
502,https://vo_agam_output.cog.sanger.ac.uk/BK0057-C.gatk.zarr.zip,gambiae
503,https://vo_agam_output.cog.sanger.ac.uk/BK0058-C.gatk.zarr.zip,gambiae
504,https://vo_agam_output.cog.sanger.ac.uk/BK0059-C.gatk.zarr.zip,gambiae
505,https://vo_agam_output.cog.sanger.ac.uk/BK0061-C.gatk.zarr.zip,gambiae
506,https://vo_agam_output.cog.sanger.ac.uk/BK0062-C.gatk.zarr.zip,gambiae
507,https://vo_agam_output.cog.sanger.ac.uk/BK0063-C.gatk.zarr.zip,gambiae
508,https://vo_agam_output.cog.sanger.ac.uk/BK0064-C.gatk.zarr.zip,gambiae
509,https://vo_agam_output.cog.sanger.ac.uk/BK0065-C.gatk.zarr.zip,coluzzii
510,https://vo_agam_output.cog.sanger.ac.uk/BK0066-C.gatk.zarr.zip,gambiae
511,https://vo_agam_output.cog.sanger.ac.uk/BK0067-C.gatk.zarr.zip,coluzzii
512,https://vo_agam_output.cog.sanger.ac.uk/BK0069-C.gatk.zarr.zip,gambiae
513,https://vo_agam_output.cog.sanger.ac.uk/BK0070-C.gatk.zarr.zip,gambiae
514,https://vo_agam_output.cog.sanger.ac.uk/BK0071-C.gatk.zarr.zip,gambiae
515,https://vo_agam_output.cog.sanger.ac.uk/BK0072-C.gatk.zarr.zip,gambiae
516,https://vo_agam_output.cog.sanger.ac.uk/BK0074-C.gatk.zarr.zip,gambiae
517,https://vo_agam_output.cog.sanger.ac.uk/BK0077-C.gatk.zarr.zip,gambiae
518,https://vo_agam_output.cog.sanger.ac.uk/BK0078-C.gatk.zarr.zip,gambiae
519,https://vo_agam_output.cog.sanger.ac.uk/BK0080-C.gatk.zarr.zip,gambiae
520,https://vo_agam_output.cog.sanger.ac.uk/BK0081-C.gatk.zarr.zip,coluzzii
521,https://vo_agam_output.cog.sanger.ac.uk/BK0082-C.gatk.zarr.zip,gambiae
522,https://vo_agam_output.cog.sanger.ac.uk/BK0083-C.gatk.zarr.zip,gambiae
523,https://vo_agam_output.cog.sanger.ac.uk/BK0085-C.gatk.zarr.zip,gambiae
524,https://vo_agam_output.cog.sanger.ac.uk/BK0086-C.gatk.zarr.zip,gambiae
525,https://vo_agam_output.cog.sanger.ac.uk/BK0094-CW.gatk.zarr.zip,gambiae
526,https://vo_agam_output.cog.sanger.ac.uk/AY0072-C.gatk.zarr.zip,coluzzii
527,https://vo_agam_output.cog.sanger.ac.uk/AY0062-C.gatk.zarr.zip,coluzzii
528,https://vo_agam_output.cog.sanger.ac.uk/AY0055-C.gatk.zarr.zip,coluzzii
529,https://vo_agam_output.cog.sanger.ac.uk/AY0034-C.gatk.zarr.zip,coluzzii
530,https://vo_agam_output.cog.sanger.ac.uk/AY0078-C.gatk.zarr.zip,coluzzii
531,https://vo_agam_output.cog.sanger.ac.uk/AY0033-C.gatk.zarr.zip,coluzzii
532,https://vo_agam_output.cog.sanger.ac.uk/AY0064-C.gatk.zarr.zip,coluzzii
533,https://vo_agam_output.cog.sanger.ac.uk/AY0032-C.gatk.zarr.zip,coluzzii
534,https://vo_agam_output.cog.sanger.ac.uk/AY0067-C.gatk.zarr.zip,coluzzii
535,https://vo_agam_output.cog.sanger.ac.uk/AY0059-C.gatk.zarr.zip,coluzzii
536,https://vo_agam_output.cog.sanger.ac.uk/AY0027-C.gatk.zarr.zip,coluzzii
537,https://vo_agam_output.cog.sanger.ac.uk/AY0060-C.gatk.zarr.zip,coluzzii
538,https://vo_agam_output.cog.sanger.ac.uk/AY0061-C.gatk.zarr.zip,coluzzii
539,https://vo_agam_output.cog.sanger.ac.uk/AY0031-C.gatk.zarr.zip,coluzzii
540,https://vo_agam_output.cog.sanger.ac.uk/AY0091-C.gatk.zarr.zip,coluzzii
541,https://vo_agam_output.cog.sanger.ac.uk/AY0052-C.gatk.zarr.zip,coluzzii
542,https://vo_agam_output.cog.sanger.ac.uk/AY0021-C.gatk.zarr.zip,coluzzii
543,https://vo_agam_output.cog.sanger.ac.uk/AY0045-C.gatk.zarr.zip,coluzzii
544,https://vo_agam_output.cog.sanger.ac.uk/AY0068-C.gatk.zarr.zip,coluzzii
545,https://vo_agam_output.cog.sanger.ac.uk/AY0016-C.gatk.zarr.zip,coluzzii
546,https://vo_agam_output.cog.sanger.ac.uk/AY0039-C.gatk.zarr.zip,coluzzii
547,https://vo_agam_output.cog.sanger.ac.uk/AY0042-C.gatk.zarr.zip,coluzzii
548,https://vo_agam_output.cog.sanger.ac.uk/AY0088-C.gatk.zarr.zip,coluzzii
549,https://vo_agam_output.cog.sanger.ac.uk/AY0015-C.gatk.zarr.zip,coluzzii
550,https://vo_agam_output.cog.sanger.ac.uk/AY0020-C.gatk.zarr.zip,coluzzii
551,https://vo_agam_output.cog.sanger.ac.uk/AY0077-C.gatk.zarr.zip,coluzzii
552,https://vo_agam_output.cog.sanger.ac.uk/AY0049-C.gatk.zarr.zip,coluzzii
553,https://vo_agam_output.cog.sanger.ac.uk/AY0029-C.gatk.zarr.zip,coluzzii
554,https://vo_agam_output.cog.sanger.ac.uk/AY0040-C.gatk.zarr.zip,coluzzii
555,https://vo_agam_output.cog.sanger.ac.uk/AY0054-C.gatk.zarr.zip,coluzzii
556,https://vo_agam_output.cog.sanger.ac.uk/AY0046-C.gatk.zarr.zip,coluzzii
557,https://vo_agam_output.cog.sanger.ac.uk/AY0057-C.gatk.zarr.zip,coluzzii
558,https://vo_agam_output.cog.sanger.ac.uk/AY0025-C.gatk.zarr.zip,coluzzii
559,https://vo_agam_output.cog.sanger.ac.uk/AY0069-C.gatk.zarr.zip,coluzzii
560,https://vo_agam_output.cog.sanger.ac.uk/AY0070-C.gatk.zarr.zip,coluzzii
561,https://vo_agam_output.cog.sanger.ac.uk/AY0028-C.gatk.zarr.zip,coluzzii
562,https://vo_agam_output.cog.sanger.ac.uk/AY0073-C.gatk.zarr.zip,coluzzii
563,https://vo_agam_output.cog.sanger.ac.uk/AY0084-C.gatk.zarr.zip,coluzzii
564,https://vo_agam_output.cog.sanger.ac.uk/AY0075-C.gatk.zarr.zip,coluzzii
565,https://vo_agam_output.cog.sanger.ac.uk/AY0014-C.gatk.zarr.zip,coluzzii
566,https://vo_agam_output.cog.sanger.ac.uk/AY0092-C.gatk.zarr.zip,coluzzii
567,https://vo_agam_output.cog.sanger.ac.uk/AY0087-C.gatk.zarr.zip,coluzzii
568,https://vo_agam_output.cog.sanger.ac.uk/AY0044-C.gatk.zarr.zip,coluzzii
569,https://vo_agam_output.cog.sanger.ac.uk/AY0071-C.gatk.zarr.zip,coluzzii
570,https://vo_agam_output.cog.sanger.ac.uk/AY0090-C.gatk.zarr.zip,coluzzii
571,https://vo_agam_output.cog.sanger.ac.uk/AY0026-C.gatk.zarr.zip,coluzzii
572,https://vo_agam_output.cog.sanger.ac.uk/AY0050-C.gatk.zarr.zip,coluzzii
573,https://vo_agam_output.cog.sanger.ac.uk/AY0041-C.gatk.zarr.zip,coluzzii
574,https://vo_agam_output.cog.sanger.ac.uk/AY0085-C.gatk.zarr.zip,coluzzii
575,https://vo_agam_output.cog.sanger.ac.uk/AY0023-C.gatk.zarr.zip,coluzzii
576,https://vo_agam_output.cog.sanger.ac.uk/AY0038-C.gatk.zarr.zip,coluzzii
577,https://vo_agam_output.cog.sanger.ac.uk/AY0007-C.gatk.zarr.zip,coluzzii
578,https://vo_agam_output.cog.sanger.ac.uk/AY0018-C.gatk.zarr.zip,coluzzii
579,https://vo_agam_output.cog.sanger.ac.uk/AY0019-C.gatk.zarr.zip,coluzzii
580,https://vo_agam_output.cog.sanger.ac.uk/AY0086-C.gatk.zarr.zip,coluzzii
581,https://vo_agam_output.cog.sanger.ac.uk/AY0076-C.gatk.zarr.zip,coluzzii
582,https://vo_agam_output.cog.sanger.ac.uk/AY0079-C.gatk.zarr.zip,coluzzii
583,https://vo_agam_output.cog.sanger.ac.uk/AY0082-C.gatk.zarr.zip,coluzzii
584,https://vo_agam_output.cog.sanger.ac.uk/AY0006-C.gatk.zarr.zip,coluzzii
585,https://vo_agam_output.cog.sanger.ac.uk/AY0083-C.gatk.zarr.zip,coluzzii
586,https://vo_agam_output.cog.sanger.ac.uk/AY0063-C.gatk.zarr.zip,coluzzii
587,https://vo_agam_output.cog.sanger.ac.uk/AY0011-C.gatk.zarr.zip,coluzzii
588,https://vo_agam_output.cog.sanger.ac.uk/AY0012-C.gatk.zarr.zip,coluzzii
589,https://vo_agam_output.cog.sanger.ac.uk/AY0047-C.gatk.zarr.zip,coluzzii
590,https://vo_agam_output.cog.sanger.ac.uk/AY0010-C.gatk.zarr.zip,coluzzii
591,https://vo_agam_output.cog.sanger.ac.uk/AY0035-C.gatk.zarr.zip,coluzzii
592,https://vo_agam_output.cog.sanger.ac.uk/AY0074-C.gatk.zarr.zip,coluzzii
593,https://vo_agam_output.cog.sanger.ac.uk/AY0056-C.gatk.zarr.zip,coluzzii
594,https://vo_agam_output.cog.sanger.ac.uk/AY0089-C.gatk.zarr.zip,coluzzii
595,https://vo_agam_output.cog.sanger.ac.uk/AY0048-C.gatk.zarr.zip,coluzzii
596,https://vo_agam_output.cog.sanger.ac.uk/AY0053-C.gatk.zarr.zip,coluzzii
597,https://vo_agam_output.cog.sanger.ac.uk/AY0065-C.gatk.zarr.zip,coluzzii
598,https://vo_agam_output.cog.sanger.ac.uk/AY0066-C.gatk.zarr.zip,coluzzii
599,https://vo_agam_output.cog.sanger.ac.uk/AY0024-C.gatk.zarr.zip,coluzzii
600,https://vo_agam_output.cog.sanger.ac.uk/AY0080-C.gatk.zarr.zip,coluzzii
601,https://vo_agam_output.cog.sanger.ac.uk/AY0017-C.gatk.zarr.zip,coluzzii
602,https://vo_agam_output.cog.sanger.ac.uk/AY0043-C.gatk.zarr.zip,coluzzii
603,https://vo_agam_output.cog.sanger.ac.uk/AY0013-C.gatk.zarr.zip,coluzzii
604,https://vo_agam_output.cog.sanger.ac.uk/AY0036-C.gatk.zarr.zip,coluzzii
605,https://vo_agam_output.cog.sanger.ac.uk/AY0058-C.gatk.zarr.zip,coluzzii
606,https://vo_agam_output.cog.sanger.ac.uk/AN0007-C.gatk.zarr.zip,gambiae
607,https://vo_agam_output.cog.sanger.ac.uk/AN0008-C.gatk.zarr.zip,gambiae
608,https://vo_agam_output.cog.sanger.ac.uk/AN0009-C.gatk.zarr.zip,gambiae
609,https://vo_agam_output.cog.sanger.ac.uk/AN0010-C.gatk.zarr.zip,gambiae
610,https://vo_agam_output.cog.sanger.ac.uk/AN0011-C.gatk.zarr.zip,gambiae
611,https://vo_agam_output.cog.sanger.ac.uk/AN0012-C.gatk.zarr.zip,gambiae
612,https://vo_agam_output.cog.sanger.ac.uk/AN0013-C.gatk.zarr.zip,gambiae
613,https://vo_agam_output.cog.sanger.ac.uk/AN0014-C.gatk.zarr.zip,gambiae
614,https://vo_agam_output.cog.sanger.ac.uk/AN0015-C.gatk.zarr.zip,gambiae
615,https://vo_agam_output.cog.sanger.ac.uk/AN0016-C.gatk.zarr.zip,gambiae
616,https://vo_agam_output.cog.sanger.ac.uk/AN0017-Cx.gatk.zarr.zip,gambiae
617,https://vo_agam_output.cog.sanger.ac.uk/AN0018-C.gatk.zarr.zip,gambiae
618,https://vo_agam_output.cog.sanger.ac.uk/AN0019-C.gatk.zarr.zip,gambiae
619,https://vo_agam_output.cog.sanger.ac.uk/AN0020-C.gatk.zarr.zip,gambiae
620,https://vo_agam_output.cog.sanger.ac.uk/AN0021-C.gatk.zarr.zip,gambiae
621,https://vo_agam_output.cog.sanger.ac.uk/AN0022-C.gatk.zarr.zip,gambiae
622,https://vo_agam_output.cog.sanger.ac.uk/AN0023-C.gatk.zarr.zip,gambiae
623,https://vo_agam_output.cog.sanger.ac.uk/AN0024-C.gatk.zarr.zip,gambiae
624,https://vo_agam_output.cog.sanger.ac.uk/AN0025-Cx.gatk.zarr.zip,gambiae
625,https://vo_agam_output.cog.sanger.ac.uk/AN0026-Cx.gatk.zarr.zip,gambiae
626,https://vo_agam_output.cog.sanger.ac.uk/AN0027-C.gatk.zarr.zip,gambiae
627,https://vo_agam_output.cog.sanger.ac.uk/AN0028-C.gatk.zarr.zip,gambiae
628,https://vo_agam_output.cog.sanger.ac.uk/AN0029-C.gatk.zarr.zip,gambiae
629,https://vo_agam_output.cog.sanger.ac.uk/AN0030-C.gatk.zarr.zip,gambiae
630,https://vo_agam_output.cog.sanger.ac.uk/AN0031-C.gatk.zarr.zip,gambiae
631,https://vo_agam_output.cog.sanger.ac.uk/AN0032-C.gatk.zarr.zip,gambiae
632,https://vo_agam_output.cog.sanger.ac.uk/AN0033-C.gatk.zarr.zip,gambiae
633,https://vo_agam_output.cog.sanger.ac.uk/AN0034-C.gatk.zarr.zip,gambiae
634,https://vo_agam_output.cog.sanger.ac.uk/AN0035-C.gatk.zarr.zip,gambiae
635,https://vo_agam_output.cog.sanger.ac.uk/AN0036-C.gatk.zarr.zip,gambiae
636,https://vo_agam_output.cog.sanger.ac.uk/AN0037-C.gatk.zarr.zip,gambiae
637,https://vo_agam_output.cog.sanger.ac.uk/AN0038-C.gatk.zarr.zip,gambiae
638,https://vo_agam_output.cog.sanger.ac.uk/AN0039-C.gatk.zarr.zip,gambiae
639,https://vo_agam_output.cog.sanger.ac.uk/AN0040-C.gatk.zarr.zip,gambiae
640,https://vo_agam_output.cog.sanger.ac.uk/AN0041-C.gatk.zarr.zip,gambiae
641,https://vo_agam_output.cog.sanger.ac.uk/AN0042-C.gatk.zarr.zip,gambiae
642,https://vo_agam_output.cog.sanger.ac.uk/AN0043-C.gatk.zarr.zip,gambiae
643,https://vo_agam_output.cog.sanger.ac.uk/AN0044-C.gatk.zarr.zip,gambiae
644,https://vo_agam_output.cog.sanger.ac.uk/AN0045-C.gatk.zarr.zip,gambiae
645,https://vo_agam_output.cog.sanger.ac.uk/AN0046-C.gatk.zarr.zip,gambiae
646,https://vo_agam_output.cog.sanger.ac.uk/AN0047-C.gatk.zarr.zip,gambiae
647,https://vo_agam_output.cog.sanger.ac.uk/AN0048-C.gatk.zarr.zip,gambiae
648,https://vo_agam_output.cog.sanger.ac.uk/AN0049-C.gatk.zarr.zip,gambiae
649,https://vo_agam_output.cog.sanger.ac.uk/AN0050-C.gatk.zarr.zip,gambiae
650,https://vo_agam_output.cog.sanger.ac.uk/AN0051-C.gatk.zarr.zip,gambiae
651,https://vo_agam_output.cog.sanger.ac.uk/AN0053-C.gatk.zarr.zip,gambiae
652,https://vo_agam_output.cog.sanger.ac.uk/AN0054-C.gatk.zarr.zip,gambiae
653,https://vo_agam_output.cog.sanger.ac.uk/AN0055-C.gatk.zarr.zip,gambiae
654,https://vo_agam_output.cog.sanger.ac.uk/AN0056-C.gatk.zarr.zip,gambiae
655,https://vo_agam_output.cog.sanger.ac.uk/AN0057-C.gatk.zarr.zip,gambiae
656,https://vo_agam_output.cog.sanger.ac.uk/AN0058-C.gatk.zarr.zip,gambiae
657,https://vo_agam_output.cog.sanger.ac.uk/AN0059-C.gatk.zarr.zip,gambiae
658,https://vo_agam_output.cog.sanger.ac.uk/AN0060-C.gatk.zarr.zip,gambiae
659,https://vo_agam_output.cog.sanger.ac.uk/AN0061-Cx.gatk.zarr.zip,gambiae
660,https://vo_agam_output.cog.sanger.ac.uk/AN0062-C.gatk.zarr.zip,gambiae
661,https://vo_agam_output.cog.sanger.ac.uk/AN0063-Cx.gatk.zarr.zip,gambiae
662,https://vo_agam_output.cog.sanger.ac.uk/AN0064-C.gatk.zarr.zip,gambiae
663,https://vo_agam_output.cog.sanger.ac.uk/AN0065-Cx.gatk.zarr.zip,gambiae
664,https://vo_agam_output.cog.sanger.ac.uk/AN0066-C.gatk.zarr.zip,gambiae
665,https://vo_agam_output.cog.sanger.ac.uk/AN0067-Cx.gatk.zarr.zip,gambiae
666,https://vo_agam_output.cog.sanger.ac.uk/AN0068-Cx.gatk.zarr.zip,gambiae
667,https://vo_agam_output.cog.sanger.ac.uk/AN0069-C.gatk.zarr.zip,gambiae
668,https://vo_agam_output.cog.sanger.ac.uk/AN0070-C.gatk.zarr.zip,gambiae
669,https://vo_agam_output.cog.sanger.ac.uk/AN0071-C.gatk.zarr.zip,gambiae
670,https://vo_agam_output.cog.sanger.ac.uk/AN0072-Cx.gatk.zarr.zip,gambiae
671,https://vo_agam_output.cog.sanger.ac.uk/AN0073-C.gatk.zarr.zip,gambiae
672,https://vo_agam_output.cog.sanger.ac.uk/AN0074-C.gatk.zarr.zip,gambiae
673,https://vo_agam_output.cog.sanger.ac.uk/AN0075-Cx.gatk.zarr.zip,gambiae
674,https://vo_agam_output.cog.sanger.ac.uk/AN0076-C.gatk.zarr.zip,gambiae
675,https://vo_agam_output.cog.sanger.ac.uk/AN0077-C.gatk.zarr.zip,gambiae
676,https://vo_agam_output.cog.sanger.ac.uk/AN0078-C.gatk.zarr.zip,gambiae
677,https://vo_agam_output.cog.sanger.ac.uk/AN0079-C.gatk.zarr.zip,gambiae
678,https://vo_agam_output.cog.sanger.ac.uk/AN0080-C.gatk.zarr.zip,gambiae
679,https://vo_agam_output.cog.sanger.ac.uk/AN0081-C.gatk.zarr.zip,gambiae
680,https://vo_agam_output.cog.sanger.ac.uk/AN0082-C.gatk.zarr.zip,gambiae
681,https://vo_agam_output.cog.sanger.ac.uk/AN0083-C.gatk.zarr.zip,gambiae
682,https://vo_agam_output.cog.sanger.ac.uk/AN0084-C.gatk.zarr.zip,gambiae
683,https://vo_agam_output.cog.sanger.ac.uk/AN0085-C.gatk.zarr.zip,gambiae
684,https://vo_agam_output.cog.sanger.ac.uk/AN0086-C.gatk.zarr.zip,gambiae
685,https://vo_agam_output.cog.sanger.ac.uk/AN0087-C.gatk.zarr.zip,gambiae
686,https://vo_agam_output.cog.sanger.ac.uk/AN0088-C.gatk.zarr.zip,gambiae
687,https://vo_agam_output.cog.sanger.ac.uk/AN0089-C.gatk.zarr.zip,gambiae
688,https://vo_agam_output.cog.sanger.ac.uk/AN0090-C.gatk.zarr.zip,gambiae
689,https://vo_agam_output.cog.sanger.ac.uk/AN0091-C.gatk.zarr.zip,gambiae
690,https://vo_agam_output.cog.sanger.ac.uk/AN0092-C.gatk.zarr.zip,gambiae
691,https://vo_agam_output.cog.sanger.ac.uk/AN0093-C.gatk.zarr.zip,gambiae
692,https://vo_agam_output.cog.sanger.ac.uk/AN0094-C.gatk.zarr.zip,gambiae
693,https://vo_agam_output.cog.sanger.ac.uk/AN0095-C.gatk.zarr.zip,gambiae
694,https://vo_agam_output.cog.sanger.ac.uk/AN0096-C.gatk.zarr.zip,gambiae
695,https://vo_agam_output.cog.sanger.ac.uk/AN0097-C.gatk.zarr.zip,gambiae
696,https://vo_agam_output.cog.sanger.ac.uk/AN0098-C.gatk.zarr.zip,gambiae
697,https://vo_agam_output.cog.sanger.ac.uk/AN0099-C.gatk.zarr.zip,gambiae
698,https://vo_agam_output.cog.sanger.ac.uk/AN0100-C.gatk.zarr.zip,gambiae
699,https://vo_agam_output.cog.sanger.ac.uk/AN0101-Cx.gatk.zarr.zip,gambiae
700,https://vo_agam_output.cog.sanger.ac.uk/AN0102-C.gatk.zarr.zip,gambiae
701,https://vo_agam_output.cog.sanger.ac.uk/AN0103-C.gatk.zarr.zip,gambiae
702,https://vo_agam_output.cog.sanger.ac.uk/AN0104-C.gatk.zarr.zip,gambiae
703,https://vo_agam_output.cog.sanger.ac.uk/AN0105-C.gatk.zarr.zip,gambiae
704,https://vo_agam_output.cog.sanger.ac.uk/AN0106-C.gatk.zarr.zip,gambiae
705,https://vo_agam_output.cog.sanger.ac.uk/AN0107-C.gatk.zarr.zip,gambiae
706,https://vo_agam_output.cog.sanger.ac.uk/AN0108-C.gatk.zarr.zip,gambiae
707,https://vo_agam_output.cog.sanger.ac.uk/AN0109-C.gatk.zarr.zip,gambiae
708,https://vo_agam_output.cog.sanger.ac.uk/AN0111-C.gatk.zarr.zip,gambiae
709,https://vo_agam_output.cog.sanger.ac.uk/AN0112-Cx.gatk.zarr.zip,gambiae
710,https://vo_agam_output.cog.sanger.ac.uk/AN0113-C.gatk.zarr.zip,gambiae
711,https://vo_agam_output.cog.sanger.ac.uk/AN0114-C.gatk.zarr.zip,gambiae
712,https://vo_agam_output.cog.sanger.ac.uk/AN0115-C.gatk.zarr.zip,gambiae
713,https://vo_agam_output.cog.sanger.ac.uk/AN0117-C.gatk.zarr.zip,gambiae
714,https://vo_agam_output.cog.sanger.ac.uk/AN0118-Cx.gatk.zarr.zip,gambiae
715,https://vo_agam_output.cog.sanger.ac.uk/AN0119-C.gatk.zarr.zip,gambiae
716,https://vo_agam_output.cog.sanger.ac.uk/AN0120-C.gatk.zarr.zip,gambiae
717,https://vo_agam_output.cog.sanger.ac.uk/AN0121-Cx.gatk.zarr.zip,gambiae
718,https://vo_agam_output.cog.sanger.ac.uk/AN0122-C.gatk.zarr.zip,gambiae
719,https://vo_agam_output.cog.sanger.ac.uk/AN0123-Cx.gatk.zarr.zip,gambiae
720,https://vo_agam_output.cog.sanger.ac.uk/AN0124-C.gatk.zarr.zip,gambiae
721,https://vo_agam_output.cog.sanger.ac.uk/AN0125-Cx.gatk.zarr.zip,gambiae
722,https://vo_agam_output.cog.sanger.ac.uk/AN0126-C.gatk.zarr.zip,gambiae
723,https://vo_agam_output.cog.sanger.ac.uk/AN0127-Cx.gatk.zarr.zip,gambiae
724,https://vo_agam_output.cog.sanger.ac.uk/AN0128-C.gatk.zarr.zip,gambiae
725,https://vo_agam_output.cog.sanger.ac.uk/AN0129-C.gatk.zarr.zip,gambiae
726,https://vo_agam_output.cog.sanger.ac.uk/AN0130-C.gatk.zarr.zip,gambiae
727,https://vo_agam_output.cog.sanger.ac.uk/AN0131-C.gatk.zarr.zip,gambiae
728,https://vo_agam_output.cog.sanger.ac.uk/AN0132-Cx.gatk.zarr.zip,gambiae
729,https://vo_agam_output.cog.sanger.ac.uk/AN0133-Cx.gatk.zarr.zip,gambiae
730,https://vo_agam_output.cog.sanger.ac.uk/AN0134-Cx.gatk.zarr.zip,gambiae
731,https://vo_agam_output.cog.sanger.ac.uk/AN0135-Cx.gatk.zarr.zip,gambiae
732,https://vo_agam_output.cog.sanger.ac.uk/AN0136-Cx.gatk.zarr.zip,gambiae
733,https://vo_agam_output.cog.sanger.ac.uk/AN0137-C.gatk.zarr.zip,gambiae
734,https://vo_agam_output.cog.sanger.ac.uk/AN0138-C.gatk.zarr.zip,gambiae
735,https://vo_agam_output.cog.sanger.ac.uk/AN0139-C.gatk.zarr.zip,gambiae
736,https://vo_agam_output.cog.sanger.ac.uk/AN0140-C.gatk.zarr.zip,gambiae
737,https://vo_agam_output.cog.sanger.ac.uk/AN0141-C.gatk.zarr.zip,gambiae
738,https://vo_agam_output.cog.sanger.ac.uk/AN0142-C.gatk.zarr.zip,gambiae
739,https://vo_agam_output.cog.sanger.ac.uk/AN0143-C.gatk.zarr.zip,gambiae
740,https://vo_agam_output.cog.sanger.ac.uk/AN0144-C.gatk.zarr.zip,gambiae
741,https://vo_agam_output.cog.sanger.ac.uk/AN0146-C.gatk.zarr.zip,gambiae
742,https://vo_agam_output.cog.sanger.ac.uk/AN0147-C.gatk.zarr.zip,gambiae
743,https://vo_agam_output.cog.sanger.ac.uk/AN0148-C.gatk.zarr.zip,gambiae
744,https://vo_agam_output.cog.sanger.ac.uk/AN0149-C.gatk.zarr.zip,gambiae
745,https://vo_agam_output.cog.sanger.ac.uk/AN0151-C.gatk.zarr.zip,gambiae
746,https://vo_agam_output.cog.sanger.ac.uk/AN0152-C.gatk.zarr.zip,gambiae
747,https://vo_agam_output.cog.sanger.ac.uk/AN0153-C.gatk.zarr.zip,gambiae
748,https://vo_agam_output.cog.sanger.ac.uk/AN0154-C.gatk.zarr.zip,gambiae
749,https://vo_agam_output.cog.sanger.ac.uk/AN0155-C.gatk.zarr.zip,gambiae
750,https://vo_agam_output.cog.sanger.ac.uk/AN0156-C.gatk.zarr.zip,gambiae
751,https://vo_agam_output.cog.sanger.ac.uk/AN0157-Cx.gatk.zarr.zip,gambiae
752,https://vo_agam_output.cog.sanger.ac.uk/AN0158-C.gatk.zarr.zip,gambiae
753,https://vo_agam_output.cog.sanger.ac.uk/AN0159-Cx.gatk.zarr.zip,gambiae
754,https://vo_agam_output.cog.sanger.ac.uk/AN0160-Cx.gatk.zarr.zip,gambiae
755,https://vo_agam_output.cog.sanger.ac.uk/AN0162-Cx.gatk.zarr.zip,gambiae
756,https://vo_agam_output.cog.sanger.ac.uk/AN0163-C.gatk.zarr.zip,gambiae
757,https://vo_agam_output.cog.sanger.ac.uk/AN0164-C.gatk.zarr.zip,gambiae
758,https://vo_agam_output.cog.sanger.ac.uk/AN0165-C.gatk.zarr.zip,gambiae
759,https://vo_agam_output.cog.sanger.ac.uk/AN0166-C.gatk.zarr.zip,gambiae
760,https://vo_agam_output.cog.sanger.ac.uk/AN0167-C.gatk.zarr.zip,gambiae
761,https://vo_agam_output.cog.sanger.ac.uk/AN0168-C.gatk.zarr.zip,gambiae
762,https://vo_agam_output.cog.sanger.ac.uk/AN0169-C.gatk.zarr.zip,gambiae
763,https://vo_agam_output.cog.sanger.ac.uk/AN0170-C.gatk.zarr.zip,gambiae
764,https://vo_agam_output.cog.sanger.ac.uk/AN0171-C.gatk.zarr.zip,gambiae
765,https://vo_agam_output.cog.sanger.ac.uk/AN0172-C.gatk.zarr.zip,gambiae
766,https://vo_agam_output.cog.sanger.ac.uk/AN0173-C.gatk.zarr.zip,gambiae
767,https://vo_agam_output.cog.sanger.ac.uk/AN0174-Cx.gatk.zarr.zip,gambiae
768,https://vo_agam_output.cog.sanger.ac.uk/AN0175-C.gatk.zarr.zip,gambiae
769,https://vo_agam_output.cog.sanger.ac.uk/AN0176-C.gatk.zarr.zip,gambiae
770,https://vo_agam_output.cog.sanger.ac.uk/AN0177-C.gatk.zarr.zip,gambiae
771,https://vo_agam_output.cog.sanger.ac.uk/AN0178-C.gatk.zarr.zip,gambiae
772,https://vo_agam_output.cog.sanger.ac.uk/AN0179-C.gatk.zarr.zip,gambiae
773,https://vo_agam_output.cog.sanger.ac.uk/AN0180-C.gatk.zarr.zip,gambiae
774,https://vo_agam_output.cog.sanger.ac.uk/AN0181-C.gatk.zarr.zip,gambiae
775,https://vo_agam_output.cog.sanger.ac.uk/AN0182-C.gatk.zarr.zip,gambiae
776,https://vo_agam_output.cog.sanger.ac.uk/AN0183-C.gatk.zarr.zip,gambiae
777,https://vo_agam_output.cog.sanger.ac.uk/AN0184-C.gatk.zarr.zip,gambiae
778,https://vo_agam_output.cog.sanger.ac.uk/AN0185-C.gatk.zarr.zip,gambiae
779,https://vo_agam_output.cog.sanger.ac.uk/AN0186-Cx.gatk.zarr.zip,gambiae
780,https://vo_agam_output.cog.sanger.ac.uk/AN0187-C.gatk.zarr.zip,gambiae
781,https://vo_agam_output.cog.sanger.ac.uk/AN0188-C.gatk.zarr.zip,gambiae
782,https://vo_agam_output.cog.sanger.ac.uk/AN0189-C.gatk.zarr.zip,gambiae
783,https://vo_agam_output.cog.sanger.ac.uk/AN0190-C.gatk.zarr.zip,gambiae
784,https://vo_agam_output.cog.sanger.ac.uk/AN0191-C.gatk.zarr.zip,gambiae
785,https://vo_agam_output.cog.sanger.ac.uk/AN0192-C.gatk.zarr.zip,gambiae
786,https://vo_agam_output.cog.sanger.ac.uk/AN0193-Cx.gatk.zarr.zip,gambiae
787,https://vo_agam_output.cog.sanger.ac.uk/AN0194-C.gatk.zarr.zip,gambiae
788,https://vo_agam_output.cog.sanger.ac.uk/AN0195-Cx.gatk.zarr.zip,gambiae
789,https://vo_agam_output.cog.sanger.ac.uk/AN0196-C.gatk.zarr.zip,gambiae
790,https://vo_agam_output.cog.sanger.ac.uk/AN0197-Cx.gatk.zarr.zip,gambiae
791,https://vo_agam_output.cog.sanger.ac.uk/AN0198-C.gatk.zarr.zip,gambiae
792,https://vo_agam_output.cog.sanger.ac.uk/AN0199-C.gatk.zarr.zip,gambiae
793,https://vo_agam_output.cog.sanger.ac.uk/AN0200-C.gatk.zarr.zip,gambiae
794,https://vo_agam_output.cog.sanger.ac.uk/AN0201-Cx.gatk.zarr.zip,gambiae
795,https://vo_agam_output.cog.sanger.ac.uk/AN0202-Cx.gatk.zarr.zip,gambiae
796,https://vo_agam_output.cog.sanger.ac.uk/AN0203-Cx.gatk.zarr.zip,gambiae
797,https://vo_agam_output.cog.sanger.ac.uk/AN0204-C.gatk.zarr.zip,gambiae
798,https://vo_agam_output.cog.sanger.ac.uk/AN0205-C.gatk.zarr.zip,gambiae
799,https://vo_agam_output.cog.sanger.ac.uk/AN0206-C.gatk.zarr.zip,gambiae
800,https://vo_agam_output.cog.sanger.ac.uk/AN0207-C.gatk.zarr.zip,gambiae
801,https://vo_agam_output.cog.sanger.ac.uk/AN0208-C.gatk.zarr.zip,gambiae
802,https://vo_agam_output.cog.sanger.ac.uk/AN0209-C.gatk.zarr.zip,gambiae
803,https://vo_agam_output.cog.sanger.ac.uk/AN0210-Cx.gatk.zarr.zip,gambiae
804,https://vo_agam_output.cog.sanger.ac.uk/AN0212-C.gatk.zarr.zip,gambiae
805,https://vo_agam_output.cog.sanger.ac.uk/AN0213-C.gatk.zarr.zip,gambiae
806,https://vo_agam_output.cog.sanger.ac.uk/AN0214-C.gatk.zarr.zip,gambiae
807,https://vo_agam_output.cog.sanger.ac.uk/AN0215-C.gatk.zarr.zip,gambiae
808,https://vo_agam_output.cog.sanger.ac.uk/AN0217-C.gatk.zarr.zip,gambiae
809,https://vo_agam_output.cog.sanger.ac.uk/AN0218-C.gatk.zarr.zip,gambiae
810,https://vo_agam_output.cog.sanger.ac.uk/AN0219-C.gatk.zarr.zip,gambiae
811,https://vo_agam_output.cog.sanger.ac.uk/AN0220-C.gatk.zarr.zip,gambiae
812,https://vo_agam_output.cog.sanger.ac.uk/AN0221-C.gatk.zarr.zip,gambiae
813,https://vo_agam_output.cog.sanger.ac.uk/AN0222-Cx.gatk.zarr.zip,gambiae
814,https://vo_agam_output.cog.sanger.ac.uk/AN0223-C.gatk.zarr.zip,gambiae
815,https://vo_agam_output.cog.sanger.ac.uk/AN0224-Cx.gatk.zarr.zip,gambiae
816,https://vo_agam_output.cog.sanger.ac.uk/AN0225-Cx.gatk.zarr.zip,gambiae
817,https://vo_agam_output.cog.sanger.ac.uk/AN0226-Cx.gatk.zarr.zip,gambiae
818,https://vo_agam_output.cog.sanger.ac.uk/AN0227-Cx.gatk.zarr.zip,gambiae
819,https://vo_agam_output.cog.sanger.ac.uk/AN0228-C.gatk.zarr.zip,gambiae
820,https://vo_agam_output.cog.sanger.ac.uk/AN0229-Cx.gatk.zarr.zip,gambiae
821,https://vo_agam_output.cog.sanger.ac.uk/AN0230-Cx.gatk.zarr.zip,gambiae
822,https://vo_agam_output.cog.sanger.ac.uk/AN0231-Cx.gatk.zarr.zip,gambiae
823,https://vo_agam_output.cog.sanger.ac.uk/AN0232-C.gatk.zarr.zip,gambiae
824,https://vo_agam_output.cog.sanger.ac.uk/AN0233-C.gatk.zarr.zip,gambiae
825,https://vo_agam_output.cog.sanger.ac.uk/AN0234-C.gatk.zarr.zip,gambiae
826,https://vo_agam_output.cog.sanger.ac.uk/AN0235-C.gatk.zarr.zip,gambiae
827,https://vo_agam_output.cog.sanger.ac.uk/AN0236-Cx.gatk.zarr.zip,gambiae
828,https://vo_agam_output.cog.sanger.ac.uk/AN0237-Cx.gatk.zarr.zip,gambiae
829,https://vo_agam_output.cog.sanger.ac.uk/AN0238-C.gatk.zarr.zip,gambiae
830,https://vo_agam_output.cog.sanger.ac.uk/AN0239-C.gatk.zarr.zip,gambiae
831,https://vo_agam_output.cog.sanger.ac.uk/AN0240-C.gatk.zarr.zip,gambiae
832,https://vo_agam_output.cog.sanger.ac.uk/AN0241-C.gatk.zarr.zip,gambiae
833,https://vo_agam_output.cog.sanger.ac.uk/AN0242-C.gatk.zarr.zip,gambiae
834,https://vo_agam_output.cog.sanger.ac.uk/AN0243-C.gatk.zarr.zip,gambiae
835,https://vo_agam_output.cog.sanger.ac.uk/AN0244-C.gatk.zarr.zip,gambiae
836,https://vo_agam_output.cog.sanger.ac.uk/AN0245-C.gatk.zarr.zip,gambiae
837,https://vo_agam_output.cog.sanger.ac.uk/AN0246-C.gatk.zarr.zip,gambiae
838,https://vo_agam_output.cog.sanger.ac.uk/AN0247-C.gatk.zarr.zip,gambiae
839,https://vo_agam_output.cog.sanger.ac.uk/AN0248-C.gatk.zarr.zip,gambiae
840,https://vo_agam_output.cog.sanger.ac.uk/AN0250-C.gatk.zarr.zip,gambiae
841,https://vo_agam_output.cog.sanger.ac.uk/AN0251-C.gatk.zarr.zip,gambiae
842,https://vo_agam_output.cog.sanger.ac.uk/AN0252-C.gatk.zarr.zip,gambiae
843,https://vo_agam_output.cog.sanger.ac.uk/AN0253-C.gatk.zarr.zip,gambiae
844,https://vo_agam_output.cog.sanger.ac.uk/AN0254-C.gatk.zarr.zip,gambiae
845,https://vo_agam_output.cog.sanger.ac.uk/AN0255-C.gatk.zarr.zip,gambiae
846,https://vo_agam_output.cog.sanger.ac.uk/AN0256-C.gatk.zarr.zip,gambiae
847,https://vo_agam_output.cog.sanger.ac.uk/AN0258-C.gatk.zarr.zip,gambiae
848,https://vo_agam_output.cog.sanger.ac.uk/AN0259-Cx.gatk.zarr.zip,gambiae
849,https://vo_agam_output.cog.sanger.ac.uk/AN0260-C.gatk.zarr.zip,gambiae
850,https://vo_agam_output.cog.sanger.ac.uk/AN0261-Cx.gatk.zarr.zip,gambiae
851,https://vo_agam_output.cog.sanger.ac.uk/AN0262-C.gatk.zarr.zip,gambiae
852,https://vo_agam_output.cog.sanger.ac.uk/AN0263-Cx.gatk.zarr.zip,gambiae
853,https://vo_agam_output.cog.sanger.ac.uk/AN0264-C.gatk.zarr.zip,gambiae
854,https://vo_agam_output.cog.sanger.ac.uk/AN0265-C.gatk.zarr.zip,gambiae
855,https://vo_agam_output.cog.sanger.ac.uk/AN0266-C.gatk.zarr.zip,gambiae
856,https://vo_agam_output.cog.sanger.ac.uk/AN0267-Cx.gatk.zarr.zip,gambiae
857,https://vo_agam_output.cog.sanger.ac.uk/AN0268-C.gatk.zarr.zip,gambiae
858,https://vo_agam_output.cog.sanger.ac.uk/AN0269-C.gatk.zarr.zip,gambiae
859,https://vo_agam_output.cog.sanger.ac.uk/AN0270-C.gatk.zarr.zip,gambiae
860,https://vo_agam_output.cog.sanger.ac.uk/AN0271-C.gatk.zarr.zip,gambiae
861,https://vo_agam_output.cog.sanger.ac.uk/AN0272-C.gatk.zarr.zip,gambiae
862,https://vo_agam_output.cog.sanger.ac.uk/AN0275-C.gatk.zarr.zip,gambiae
863,https://vo_agam_output.cog.sanger.ac.uk/AN0276-C.gatk.zarr.zip,gambiae
864,https://vo_agam_output.cog.sanger.ac.uk/AN0277-C.gatk.zarr.zip,gambiae
865,https://vo_agam_output.cog.sanger.ac.uk/AN0278-C.gatk.zarr.zip,gambiae
866,https://vo_agam_output.cog.sanger.ac.uk/AN0279-C.gatk.zarr.zip,gambiae
867,https://vo_agam_output.cog.sanger.ac.uk/AN0280-C.gatk.zarr.zip,gambiae
868,https://vo_agam_output.cog.sanger.ac.uk/AN0281-C.gatk.zarr.zip,gambiae
869,https://vo_agam_output.cog.sanger.ac.uk/AN0282-Cx.gatk.zarr.zip,gambiae
870,https://vo_agam_output.cog.sanger.ac.uk/AN0283-Cx.gatk.zarr.zip,gambiae
871,https://vo_agam_output.cog.sanger.ac.uk/AN0284-Cx.gatk.zarr.zip,gambiae
872,https://vo_agam_output.cog.sanger.ac.uk/AN0285-C.gatk.zarr.zip,gambiae
873,https://vo_agam_output.cog.sanger.ac.uk/AN0286-Cx.gatk.zarr.zip,gambiae
874,https://vo_agam_output.cog.sanger.ac.uk/AN0287-Cx.gatk.zarr.zip,gambiae
875,https://vo_agam_output.cog.sanger.ac.uk/AN0288-Cx.gatk.zarr.zip,gambiae
876,https://vo_agam_output.cog.sanger.ac.uk/AN0289-C.gatk.zarr.zip,gambiae
877,https://vo_agam_output.cog.sanger.ac.uk/AN0290-Cx.gatk.zarr.zip,gambiae
878,https://vo_agam_output.cog.sanger.ac.uk/AN0291-Cx.gatk.zarr.zip,gambiae
879,https://vo_agam_output.cog.sanger.ac.uk/AN0292-C.gatk.zarr.zip,gambiae
880,https://vo_agam_output.cog.sanger.ac.uk/AN0293-Cx.gatk.zarr.zip,gambiae
881,https://vo_agam_output.cog.sanger.ac.uk/AN0294-C.gatk.zarr.zip,gambiae
882,https://vo_agam_output.cog.sanger.ac.uk/AN0295-C.gatk.zarr.zip,gambiae
883,https://vo_agam_output.cog.sanger.ac.uk/AN0296-Cx.gatk.zarr.zip,gambiae
884,https://vo_agam_output.cog.sanger.ac.uk/AN0297-C.gatk.zarr.zip,gambiae
885,https://vo_agam_output.cog.sanger.ac.uk/AN0298-Cx.gatk.zarr.zip,gambiae
886,https://vo_agam_output.cog.sanger.ac.uk/AN0299-C.gatk.zarr.zip,gambiae
887,https://vo_agam_output.cog.sanger.ac.uk/AN0300-C.gatk.zarr.zip,gambiae
888,https://vo_agam_output.cog.sanger.ac.uk/AN0301-Cx.gatk.zarr.zip,gambiae
889,https://vo_agam_output.cog.sanger.ac.uk/AN0302-C.gatk.zarr.zip,gambiae
890,https://vo_agam_output.cog.sanger.ac.uk/AN0303-C.gatk.zarr.zip,gambiae
891,https://vo_agam_output.cog.sanger.ac.uk/AN0304-C.gatk.zarr.zip,gambiae
892,https://vo_agam_output.cog.sanger.ac.uk/AN0305-C.gatk.zarr.zip,gambiae
893,https://vo_agam_output.cog.sanger.ac.uk/AN0306-C.gatk.zarr.zip,gambiae
894,https://vo_agam_output.cog.sanger.ac.uk/AN0307-C.gatk.zarr.zip,gambiae
895,https://vo_agam_output.cog.sanger.ac.uk/AN0308-C.gatk.zarr.zip,gambiae
896,https://vo_agam_output.cog.sanger.ac.uk/AN0309-Cx.gatk.zarr.zip,gambiae
897,https://vo_agam_output.cog.sanger.ac.uk/AN0310-C.gatk.zarr.zip,gambiae
898,https://vo_agam_output.cog.sanger.ac.uk/AN0311-C.gatk.zarr.zip,gambiae
899,https://vo_agam_output.cog.sanger.ac.uk/AN0312-C.gatk.zarr.zip,gambiae
900,https://vo_agam_output.cog.sanger.ac.uk/AN0313-C.gatk.zarr.zip,gambiae
901,https://vo_agam_output.cog.sanger.ac.uk/AN0314-C.gatk.zarr.zip,gambiae
902,https://vo_agam_output.cog.sanger.ac.uk/AN0315-C.gatk.zarr.zip,gambiae
903,https://vo_agam_output.cog.sanger.ac.uk/AN0316-C.gatk.zarr.zip,gambiae
904,https://vo_agam_output.cog.sanger.ac.uk/AN0317-C.gatk.zarr.zip,gambiae
905,https://vo_agam_output.cog.sanger.ac.uk/AN0318-C.gatk.zarr.zip,gambiae
906,https://vo_agam_output.cog.sanger.ac.uk/AN0319-C.gatk.zarr.zip,gambiae
907,https://vo_agam_output.cog.sanger.ac.uk/AN0320-C.gatk.zarr.zip,gambiae
908,https://vo_agam_output.cog.sanger.ac.uk/AN0321-C.gatk.zarr.zip,gambiae
909,https://vo_agam_output.cog.sanger.ac.uk/AB0293-C.gatk.zarr.zip,gambiae
910,https://vo_agam_output.cog.sanger.ac.uk/AB0294-C.gatk.zarr.zip,gambiae
911,https://vo_agam_output.cog.sanger.ac.uk/AB0295-C.gatk.zarr.zip,gambiae
912,https://vo_agam_output.cog.sanger.ac.uk/AB0297-C.gatk.zarr.zip,gambiae
913,https://vo_agam_output.cog.sanger.ac.uk/AN0418-C.gatk.zarr.zip,gambiae
914,https://vo_agam_output.cog.sanger.ac.uk/AN0419-C.gatk.zarr.zip,gambiae
915,https://vo_agam_output.cog.sanger.ac.uk/AN0421-C.gatk.zarr.zip,gambiae
916,https://vo_agam_output.cog.sanger.ac.uk/AN0423-C.gatk.zarr.zip,gambiae
917,https://vo_agam_output.cog.sanger.ac.uk/AN0424-C.gatk.zarr.zip,gambiae
918,https://vo_agam_output.cog.sanger.ac.uk/AN0425-C.gatk.zarr.zip,gambiae
919,https://vo_agam_output.cog.sanger.ac.uk/AN0426-C.gatk.zarr.zip,gambiae
920,https://vo_agam_output.cog.sanger.ac.uk/AN0427-C.gatk.zarr.zip,gambiae
921,https://vo_agam_output.cog.sanger.ac.uk/AN0428-C.gatk.zarr.zip,gambiae
922,https://vo_agam_output.cog.sanger.ac.uk/AN0430-C.gatk.zarr.zip,gambiae
923,https://vo_agam_output.cog.sanger.ac.uk/AN0431-C.gatk.zarr.zip,gambiae
924,https://vo_agam_output.cog.sanger.ac.uk/AN0433-C.gatk.zarr.zip,gambiae
925,https://vo_agam_output.cog.sanger.ac.uk/AN0434-C.gatk.zarr.zip,gambiae
926,https://vo_agam_output.cog.sanger.ac.uk/AN0435-C.gatk.zarr.zip,gambiae
927,https://vo_agam_output.cog.sanger.ac.uk/AN0436-C.gatk.zarr.zip,gambiae
928,https://vo_agam_output.cog.sanger.ac.uk/AN0437-C.gatk.zarr.zip,gambiae
929,https://vo_agam_output.cog.sanger.ac.uk/AN0438-C.gatk.zarr.zip,gambiae
930,https://vo_agam_output.cog.sanger.ac.uk/AN0440-C.gatk.zarr.zip,gambiae
931,https://vo_agam_output.cog.sanger.ac.uk/AN0442-C.gatk.zarr.zip,gambiae
932,https://vo_agam_output.cog.sanger.ac.uk/AN0443-C.gatk.zarr.zip,gambiae
933,https://vo_agam_output.cog.sanger.ac.uk/AN0444-C.gatk.zarr.zip,gambiae
934,https://vo_agam_output.cog.sanger.ac.uk/AN0445-C.gatk.zarr.zip,gambiae
935,https://vo_agam_output.cog.sanger.ac.uk/AN0448-C.gatk.zarr.zip,gambiae
936,https://vo_agam_output.cog.sanger.ac.uk/AN0449-C.gatk.zarr.zip,gambiae
937,https://vo_agam_output.cog.sanger.ac.uk/AN0451-C.gatk.zarr.zip,gambiae
938,https://vo_agam_output.cog.sanger.ac.uk/AN0453-C.gatk.zarr.zip,gambiae
939,https://vo_agam_output.cog.sanger.ac.uk/AN0454-C.gatk.zarr.zip,gambiae
940,https://vo_agam_output.cog.sanger.ac.uk/AN0455-C.gatk.zarr.zip,gambiae
941,https://vo_agam_output.cog.sanger.ac.uk/AN0457-C.gatk.zarr.zip,gambiae
942,https://vo_agam_output.cog.sanger.ac.uk/AN0458-C.gatk.zarr.zip,gambiae
943,https://vo_agam_output.cog.sanger.ac.uk/AN0460-C.gatk.zarr.zip,coluzzii
944,https://vo_agam_output.cog.sanger.ac.uk/AN0466-C.gatk.zarr.zip,gambiae
945,https://vo_agam_output.cog.sanger.ac.uk/AN0468-C.gatk.zarr.zip,gambiae
946,https://vo_agam_output.cog.sanger.ac.uk/AN0469-C.gatk.zarr.zip,gambiae
947,https://vo_agam_output.cog.sanger.ac.uk/AN0470-C.gatk.zarr.zip,gambiae
948,https://vo_agam_output.cog.sanger.ac.uk/AN0471-C.gatk.zarr.zip,gambiae
949,https://vo_agam_output.cog.sanger.ac.uk/AN0474-C.gatk.zarr.zip,gambiae
950,https://vo_agam_output.cog.sanger.ac.uk/AN0475-C.gatk.zarr.zip,gambiae
951,https://vo_agam_output.cog.sanger.ac.uk/AN0476-C.gatk.zarr.zip,gambiae
952,https://vo_agam_output.cog.sanger.ac.uk/AN0477-C.gatk.zarr.zip,gambiae
953,https://vo_agam_output.cog.sanger.ac.uk/AN0478-C.gatk.zarr.zip,gambiae
954,https://vo_agam_output.cog.sanger.ac.uk/AN0479-C.gatk.zarr.zip,gambiae
955,https://vo_agam_output.cog.sanger.ac.uk/AN0480-C.gatk.zarr.zip,gambiae
956,https://vo_agam_output.cog.sanger.ac.uk/AN0485-C.gatk.zarr.zip,coluzzii
957,https://vo_agam_output.cog.sanger.ac.uk/AN0486-C.gatk.zarr.zip,coluzzii
958,https://vo_agam_output.cog.sanger.ac.uk/AN0487-C.gatk.zarr.zip,coluzzii
959,https://vo_agam_output.cog.sanger.ac.uk/AN0488-C.gatk.zarr.zip,coluzzii
960,https://vo_agam_output.cog.sanger.ac.uk/AN0492-C.gatk.zarr.zip,coluzzii
961,https://vo_agam_output.cog.sanger.ac.uk/AN0493-C.gatk.zarr.zip,coluzzii
962,https://vo_agam_output.cog.sanger.ac.uk/VBS02039-4431STDY6672907.gatk.zarr.zip,gambiae
963,https://vo_agam_output.cog.sanger.ac.uk/VBS02040-4431STDY6672908.gatk.zarr.zip,gambiae
964,https://vo_agam_output.cog.sanger.ac.uk/VBS02041-4431STDY6672909.gatk.zarr.zip,gambiae
965,https://vo_agam_output.cog.sanger.ac.uk/VBS02042-4431STDY6672910.gatk.zarr.zip,gambiae
966,https://vo_agam_output.cog.sanger.ac.uk/VBS02043-4431STDY6672911.gatk.zarr.zip,gambiae
967,https://vo_agam_output.cog.sanger.ac.uk/VBS02044-4431STDY6672912.gatk.zarr.zip,gambiae
968,https://vo_agam_output.cog.sanger.ac.uk/VBS02045-4431STDY6672913.gatk.zarr.zip,gambiae
969,https://vo_agam_output.cog.sanger.ac.uk/VBS02046-4431STDY6672914.gatk.zarr.zip,gambiae
970,https://vo_agam_output.cog.sanger.ac.uk/VBS02047-4431STDY6672915.gatk.zarr.zip,gambiae
971,https://vo_agam_output.cog.sanger.ac.uk/VBS02048-4431STDY6672916.gatk.zarr.zip,gambiae
972,https://vo_agam_output.cog.sanger.ac.uk/VBS02003-4431STDY6672871.gatk.zarr.zip,gambiae
973,https://vo_agam_output.cog.sanger.ac.uk/VBS02004-4431STDY6672872.gatk.zarr.zip,gambiae
974,https://vo_agam_output.cog.sanger.ac.uk/VBS02005-4431STDY6672873.gatk.zarr.zip,gambiae
975,https://vo_agam_output.cog.sanger.ac.uk/VBS02006-4431STDY6672874.gatk.zarr.zip,gambiae
976,https://vo_agam_output.cog.sanger.ac.uk/VBS02007-4431STDY6672875.gatk.zarr.zip,gambiae
977,https://vo_agam_output.cog.sanger.ac.uk/VBS02008-4431STDY6672876.gatk.zarr.zip,gambiae
978,https://vo_agam_output.cog.sanger.ac.uk/VBS02009-4431STDY6672877.gatk.zarr.zip,gambiae
979,https://vo_agam_output.cog.sanger.ac.uk/VBS02010-4431STDY6672878.gatk.zarr.zip,gambiae
980,https://vo_agam_output.cog.sanger.ac.uk/VBS02011-4431STDY6672879.gatk.zarr.zip,gambiae
981,https://vo_agam_output.cog.sanger.ac.uk/VBS02012-4431STDY6672880.gatk.zarr.zip,gambiae
982,https://vo_agam_output.cog.sanger.ac.uk/VBS02014-4431STDY6672882.gatk.zarr.zip,gambiae
983,https://vo_agam_output.cog.sanger.ac.uk/VBS02015-4431STDY6672883.gatk.zarr.zip,gambiae
984,https://vo_agam_output.cog.sanger.ac.uk/VBS02016-4431STDY6672884.gatk.zarr.zip,gambiae
985,https://vo_agam_output.cog.sanger.ac.uk/VBS02017-4431STDY6672885.gatk.zarr.zip,gambiae
986,https://vo_agam_output.cog.sanger.ac.uk/VBS02018-4431STDY6672886.gatk.zarr.zip,gambiae
987,https://vo_agam_output.cog.sanger.ac.uk/VBS02020-4431STDY6672888.gatk.zarr.zip,gambiae
988,https://vo_agam_output.cog.sanger.ac.uk/VBS02021-4431STDY6672889.gatk.zarr.zip,gambiae
989,https://vo_agam_output.cog.sanger.ac.uk/VBS02022-4431STDY6672890.gatk.zarr.zip,gambiae
990,https://vo_agam_output.cog.sanger.ac.uk/VBS02023-4431STDY6672891.gatk.zarr.zip,gambiae
991,https://vo_agam_output.cog.sanger.ac.uk/VBS02024-4431STDY6672892.gatk.zarr.zip,gambiae
992,https://vo_agam_output.cog.sanger.ac.uk/VBS02025-4431STDY6672893.gatk.zarr.zip,gambiae
993,https://vo_agam_output.cog.sanger.ac.uk/VBS02026-4431STDY6672894.gatk.zarr.zip,gambiae
994,https://vo_agam_output.cog.sanger.ac.uk/VBS02027-4431STDY6672895.gatk.zarr.zip,gambiae
995,https://vo_agam_output.cog.sanger.ac.uk/VBS02028-4431STDY6672896.gatk.zarr.zip,gambiae
996,https://vo_agam_output.cog.sanger.ac.uk/VBS02029-4431STDY6672897.gatk.zarr.zip,gambiae
997,https://vo_agam_output.cog.sanger.ac.uk/VBS02030-4431STDY6672898.gatk.zarr.zip,gambiae
998,https://vo_agam_output.cog.sanger.ac.uk/VBS02031-4431STDY6672899.gatk.zarr.zip,gambiae
999,https://vo_agam_output.cog.sanger.ac.uk/VBS02032-4431STDY6672900.gatk.zarr.zip,gambiae
1000,https://vo_agam_output.cog.sanger.ac.uk/VBS02033-4431STDY6672901.gatk.zarr.zip,gambiae
1001,https://vo_agam_output.cog.sanger.ac.uk/VBS02034-4431STDY6672902.gatk.zarr.zip,gambiae
1002,https://vo_agam_output.cog.sanger.ac.uk/VBS02035-4431STDY6672903.gatk.zarr.zip,gambiae
1003,https://vo_agam_output.cog.sanger.ac.uk/VBS02036-4431STDY6672904.gatk.zarr.zip,gambiae
1004,https://vo_agam_output.cog.sanger.ac.uk/VBS02037-4431STDY6672905.gatk.zarr.zip,gambiae
1005,https://vo_agam_output.cog.sanger.ac.uk/VBS02038-4431STDY6672906.gatk.zarr.zip,gambiae
1006,https://vo_agam_output.cog.sanger.ac.uk/AN0348-C.gatk.zarr.zip,coluzzii
1007,https://vo_agam_output.cog.sanger.ac.uk/AN0402-C.gatk.zarr.zip,coluzzii
1008,https://vo_agam_output.cog.sanger.ac.uk/AN0325-C.gatk.zarr.zip,gambiae
1009,https://vo_agam_output.cog.sanger.ac.uk/AN0408-C.gatk.zarr.zip,gambiae
1010,https://vo_agam_output.cog.sanger.ac.uk/AN0344-C.gatk.zarr.zip,coluzzii
1011,https://vo_agam_output.cog.sanger.ac.uk/AN0326-C.gatk.zarr.zip,gambiae
1012,https://vo_agam_output.cog.sanger.ac.uk/AN0341-C.gatk.zarr.zip,arabiensis
1013,https://vo_agam_output.cog.sanger.ac.uk/AN0338-C.gatk.zarr.zip,arabiensis
1014,https://vo_agam_output.cog.sanger.ac.uk/AN0379-C.gatk.zarr.zip,coluzzii
1015,https://vo_agam_output.cog.sanger.ac.uk/AN0332-C.gatk.zarr.zip,coluzzii
1016,https://vo_agam_output.cog.sanger.ac.uk/AN0585-CW.gatk.zarr.zip,gambiae
1017,https://vo_agam_output.cog.sanger.ac.uk/AN0577-CW.gatk.zarr.zip,gambiae
1018,https://vo_agam_output.cog.sanger.ac.uk/AN0586-CW.gatk.zarr.zip,gambiae
1019,https://vo_agam_output.cog.sanger.ac.uk/AN0601-CW.gatk.zarr.zip,coluzzii
1020,https://vo_agam_output.cog.sanger.ac.uk/AN0616-CW.gatk.zarr.zip,coluzzii
1021,https://vo_agam_output.cog.sanger.ac.uk/AN0544-CW.gatk.zarr.zip,coluzzii
1022,https://vo_agam_output.cog.sanger.ac.uk/AN0578-CW.gatk.zarr.zip,gambiae
1023,https://vo_agam_output.cog.sanger.ac.uk/AN0587-CW.gatk.zarr.zip,gambiae
1024,https://vo_agam_output.cog.sanger.ac.uk/AN0619-CW.gatk.zarr.zip,coluzzii
1025,https://vo_agam_output.cog.sanger.ac.uk/AN0579-CW.gatk.zarr.zip,gambiae
1026,https://vo_agam_output.cog.sanger.ac.uk/AN0588-CW.gatk.zarr.zip,gambiae
1027,https://vo_agam_output.cog.sanger.ac.uk/AN0603-CW.gatk.zarr.zip,coluzzii
1028,https://vo_agam_output.cog.sanger.ac.uk/AN0580-CW.gatk.zarr.zip,gambiae
1029,https://vo_agam_output.cog.sanger.ac.uk/AN0604-CW.gatk.zarr.zip,coluzzii
1030,https://vo_agam_output.cog.sanger.ac.uk/AN0581-CW.gatk.zarr.zip,gambiae
1031,https://vo_agam_output.cog.sanger.ac.uk/AN0590-CW.gatk.zarr.zip,coluzzii
1032,https://vo_agam_output.cog.sanger.ac.uk/AN0574-CW.gatk.zarr.zip,gambiae
1033,https://vo_agam_output.cog.sanger.ac.uk/AN0582-CW.gatk.zarr.zip,gambiae
1034,https://vo_agam_output.cog.sanger.ac.uk/AN0607-CW.gatk.zarr.zip,coluzzii
1035,https://vo_agam_output.cog.sanger.ac.uk/AN0626-CW.gatk.zarr.zip,gambiae
1036,https://vo_agam_output.cog.sanger.ac.uk/AN0398-CW.gatk.zarr.zip,gambiae
1037,https://vo_agam_output.cog.sanger.ac.uk/AN0621-CW.gatk.zarr.zip,coluzzii
1038,https://vo_agam_output.cog.sanger.ac.uk/AN0405-CW.gatk.zarr.zip,gambiae
1039,https://vo_agam_output.cog.sanger.ac.uk/AN0622-CW.gatk.zarr.zip,coluzzii
1040,https://vo_agam_output.cog.sanger.ac.uk/AN0633-CW.gatk.zarr.zip,coluzzii
1041,https://vo_agam_output.cog.sanger.ac.uk/AN0623-CW.gatk.zarr.zip,coluzzii
1042,https://vo_agam_output.cog.sanger.ac.uk/AN0634-CW.gatk.zarr.zip,coluzzii
1043,https://vo_agam_output.cog.sanger.ac.uk/AN0624-CW.gatk.zarr.zip,gambiae
1044,https://vo_agam_output.cog.sanger.ac.uk/AN0643-CW.gatk.zarr.zip,gambiae
1045,https://vo_agam_output.cog.sanger.ac.uk/AN0495-CW.gatk.zarr.zip,gambiae
1046,https://vo_agam_output.cog.sanger.ac.uk/AN0499-CW.gatk.zarr.zip,gambiae
1047,https://vo_agam_output.cog.sanger.ac.uk/AN0500-CW.gatk.zarr.zip,gambiae
1048,https://vo_agam_output.cog.sanger.ac.uk/AN0503-CW.gatk.zarr.zip,gambiae
1049,https://vo_agam_output.cog.sanger.ac.uk/AN0511-CW.gatk.zarr.zip,coluzzii
1050,https://vo_agam_output.cog.sanger.ac.uk/AP0007-C.gatk.zarr.zip,gambiae
1051,https://vo_agam_output.cog.sanger.ac.uk/AP0021-C.gatk.zarr.zip,gambiae
1052,https://vo_agam_output.cog.sanger.ac.uk/AP0019-C.gatk.zarr.zip,gambiae
1053,https://vo_agam_output.cog.sanger.ac.uk/AP0020-C.gatk.zarr.zip,gambiae
1054,https://vo_agam_output.cog.sanger.ac.uk/AP0009-C.gatk.zarr.zip,gambiae
1055,https://vo_agam_output.cog.sanger.ac.uk/AP0002-C.gatk.zarr.zip,gambiae
1056,https://vo_agam_output.cog.sanger.ac.uk/AP0034-C.gatk.zarr.zip,gambiae
1057,https://vo_agam_output.cog.sanger.ac.uk/AP0035-C.gatk.zarr.zip,gambiae
1058,https://vo_agam_output.cog.sanger.ac.uk/AP0031-C.gatk.zarr.zip,gambiae
1059,https://vo_agam_output.cog.sanger.ac.uk/AP0008-C.gatk.zarr.zip,gambiae
1060,https://vo_agam_output.cog.sanger.ac.uk/AP0011-C.gatk.zarr.zip,gambiae
1061,https://vo_agam_output.cog.sanger.ac.uk/AP0032-C.gatk.zarr.zip,gambiae
1062,https://vo_agam_output.cog.sanger.ac.uk/AP0010-C.gatk.zarr.zip,gambiae
1063,https://vo_agam_output.cog.sanger.ac.uk/AP0025-C.gatk.zarr.zip,gambiae
1064,https://vo_agam_output.cog.sanger.ac.uk/AP0022-C.gatk.zarr.zip,gambiae
1065,https://vo_agam_output.cog.sanger.ac.uk/AP0006-C.gatk.zarr.zip,gambiae
1066,https://vo_agam_output.cog.sanger.ac.uk/AP0030-C.gatk.zarr.zip,gambiae
1067,https://vo_agam_output.cog.sanger.ac.uk/AP0023-C.gatk.zarr.zip,gambiae
1068,https://vo_agam_output.cog.sanger.ac.uk/AP0033-C.gatk.zarr.zip,gambiae
1069,https://vo_agam_output.cog.sanger.ac.uk/AP0005-C.gatk.zarr.zip,gambiae
1070,https://vo_agam_output.cog.sanger.ac.uk/AP0014-Cx.gatk.zarr.zip,gambiae
1071,https://vo_agam_output.cog.sanger.ac.uk/AP0013-Cx.gatk.zarr.zip,gambiae
1072,https://vo_agam_output.cog.sanger.ac.uk/AP0017-Cx.gatk.zarr.zip,gambiae
1073,https://vo_agam_output.cog.sanger.ac.uk/AS0001-C.gatk.zarr.zip,gambiae
1074,https://vo_agam_output.cog.sanger.ac.uk/AS0002-Cx.gatk.zarr.zip,gambiae
1075,https://vo_agam_output.cog.sanger.ac.uk/AS0003-C.gatk.zarr.zip,gambiae
1076,https://vo_agam_output.cog.sanger.ac.uk/AS0004-C.gatk.zarr.zip,gambiae
1077,https://vo_agam_output.cog.sanger.ac.uk/AS0005-C.gatk.zarr.zip,gambiae
1078,https://vo_agam_output.cog.sanger.ac.uk/AS0006-C.gatk.zarr.zip,gambiae
1079,https://vo_agam_output.cog.sanger.ac.uk/AS0007-C.gatk.zarr.zip,gambiae
1080,https://vo_agam_output.cog.sanger.ac.uk/AS0008-Cx.gatk.zarr.zip,gambiae
1081,https://vo_agam_output.cog.sanger.ac.uk/AS0009-C.gatk.zarr.zip,gambiae
1082,https://vo_agam_output.cog.sanger.ac.uk/AS0010-C.gatk.zarr.zip,gambiae
1083,https://vo_agam_output.cog.sanger.ac.uk/AS0011-C.gatk.zarr.zip,gambiae
1084,https://vo_agam_output.cog.sanger.ac.uk/AS0012-C.gatk.zarr.zip,gambiae
1085,https://vo_agam_output.cog.sanger.ac.uk/AS0013-C.gatk.zarr.zip,gambiae
1086,https://vo_agam_output.cog.sanger.ac.uk/AS0014-Cx.gatk.zarr.zip,gambiae
1087,https://vo_agam_output.cog.sanger.ac.uk/AS0015-Cx.gatk.zarr.zip,gambiae
1088,https://vo_agam_output.cog.sanger.ac.uk/AS0016-C.gatk.zarr.zip,gambiae
1089,https://vo_agam_output.cog.sanger.ac.uk/AS0017-C.gatk.zarr.zip,gambiae
1090,https://vo_agam_output.cog.sanger.ac.uk/AS0018-C.gatk.zarr.zip,gambiae
1091,https://vo_agam_output.cog.sanger.ac.uk/AS0019-Cx.gatk.zarr.zip,gambiae
1092,https://vo_agam_output.cog.sanger.ac.uk/AS0020-C.gatk.zarr.zip,gambiae
1093,https://vo_agam_output.cog.sanger.ac.uk/AS0021-C.gatk.zarr.zip,gambiae
1094,https://vo_agam_output.cog.sanger.ac.uk/AS0022-C.gatk.zarr.zip,gambiae
1095,https://vo_agam_output.cog.sanger.ac.uk/AS0023-Cx.gatk.zarr.zip,gambiae
1096,https://vo_agam_output.cog.sanger.ac.uk/AS0024-Cx.gatk.zarr.zip,gambiae
1097,https://vo_agam_output.cog.sanger.ac.uk/AS0026-C.gatk.zarr.zip,gambiae
1098,https://vo_agam_output.cog.sanger.ac.uk/AS0027-Cx.gatk.zarr.zip,gambiae
1099,https://vo_agam_output.cog.sanger.ac.uk/AS0028-C.gatk.zarr.zip,gambiae
1100,https://vo_agam_output.cog.sanger.ac.uk/AS0029-C.gatk.zarr.zip,gambiae
1101,https://vo_agam_output.cog.sanger.ac.uk/AS0030-C.gatk.zarr.zip,gambiae
1102,https://vo_agam_output.cog.sanger.ac.uk/AS0032-C.gatk.zarr.zip,gambiae
1103,https://vo_agam_output.cog.sanger.ac.uk/AS0033-C.gatk.zarr.zip,gambiae
1104,https://vo_agam_output.cog.sanger.ac.uk/AS0034-C.gatk.zarr.zip,gambiae
1105,https://vo_agam_output.cog.sanger.ac.uk/AS0035-Cx.gatk.zarr.zip,gambiae
1106,https://vo_agam_output.cog.sanger.ac.uk/AS0036-C.gatk.zarr.zip,gambiae
1107,https://vo_agam_output.cog.sanger.ac.uk/AS0037-C.gatk.zarr.zip,gambiae
1108,https://vo_agam_output.cog.sanger.ac.uk/AS0039-C.gatk.zarr.zip,gambiae
1109,https://vo_agam_output.cog.sanger.ac.uk/AS0040-C.gatk.zarr.zip,gambiae
1110,https://vo_agam_output.cog.sanger.ac.uk/AS0041-C.gatk.zarr.zip,gambiae
1111,https://vo_agam_output.cog.sanger.ac.uk/AS0042-C.gatk.zarr.zip,gambiae
1112,https://vo_agam_output.cog.sanger.ac.uk/AS0044-Cx.gatk.zarr.zip,gambiae
1113,https://vo_agam_output.cog.sanger.ac.uk/AS0045-Cx.gatk.zarr.zip,gambiae
1114,https://vo_agam_output.cog.sanger.ac.uk/AS0046-C.gatk.zarr.zip,gambiae
1115,https://vo_agam_output.cog.sanger.ac.uk/AS0047-C.gatk.zarr.zip,gambiae
1116,https://vo_agam_output.cog.sanger.ac.uk/AS0048-C.gatk.zarr.zip,gambiae
1117,https://vo_agam_output.cog.sanger.ac.uk/AS0049-C.gatk.zarr.zip,gambiae
1118,https://vo_agam_output.cog.sanger.ac.uk/AS0051-C.gatk.zarr.zip,gambiae
1119,https://vo_agam_output.cog.sanger.ac.uk/AS0052-C.gatk.zarr.zip,gambiae
1120,https://vo_agam_output.cog.sanger.ac.uk/AS0053-C.gatk.zarr.zip,gambiae
1121,https://vo_agam_output.cog.sanger.ac.uk/AS0054-C.gatk.zarr.zip,gambiae
1122,https://vo_agam_output.cog.sanger.ac.uk/AS0055-C.gatk.zarr.zip,gambiae
1123,https://vo_agam_output.cog.sanger.ac.uk/AS0056-C.gatk.zarr.zip,gambiae
1124,https://vo_agam_output.cog.sanger.ac.uk/AS0057-C.gatk.zarr.zip,gambiae
1125,https://vo_agam_output.cog.sanger.ac.uk/AS0058-Cx.gatk.zarr.zip,gambiae
1126,https://vo_agam_output.cog.sanger.ac.uk/AS0059-C.gatk.zarr.zip,gambiae
1127,https://vo_agam_output.cog.sanger.ac.uk/AS0060-C.gatk.zarr.zip,gambiae
1128,https://vo_agam_output.cog.sanger.ac.uk/AS0062-C.gatk.zarr.zip,gambiae
1129,https://vo_agam_output.cog.sanger.ac.uk/AS0064-C.gatk.zarr.zip,gambiae
1130,https://vo_agam_output.cog.sanger.ac.uk/AS0065-C.gatk.zarr.zip,gambiae
1131,https://vo_agam_output.cog.sanger.ac.uk/AS0066-C.gatk.zarr.zip,gambiae
1132,https://vo_agam_output.cog.sanger.ac.uk/AS0068-C.gatk.zarr.zip,gambiae
1133,https://vo_agam_output.cog.sanger.ac.uk/AS0069-C.gatk.zarr.zip,gambiae
1134,https://vo_agam_output.cog.sanger.ac.uk/AS0070-C.gatk.zarr.zip,gambiae
1135,https://vo_agam_output.cog.sanger.ac.uk/AS0071-C.gatk.zarr.zip,gambiae
1136,https://vo_agam_output.cog.sanger.ac.uk/AS0072-Cx.gatk.zarr.zip,gambiae
1137,https://vo_agam_output.cog.sanger.ac.uk/AS0073-C.gatk.zarr.zip,gambiae
1138,https://vo_agam_output.cog.sanger.ac.uk/AS0074-C.gatk.zarr.zip,gambiae
1139,https://vo_agam_output.cog.sanger.ac.uk/AS0076-C.gatk.zarr.zip,gambiae
1140,https://vo_agam_output.cog.sanger.ac.uk/AS0077-C.gatk.zarr.zip,gambiae
1141,https://vo_agam_output.cog.sanger.ac.uk/AS0078-C.gatk.zarr.zip,gambiae
1142,https://vo_agam_output.cog.sanger.ac.uk/AA0052-C.gatk.zarr.zip,coluzzii
1143,https://vo_agam_output.cog.sanger.ac.uk/AA0103-C.gatk.zarr.zip,coluzzii
1144,https://vo_agam_output.cog.sanger.ac.uk/AA0115-C.gatk.zarr.zip,coluzzii
1145,https://vo_agam_output.cog.sanger.ac.uk/AA0050-C.gatk.zarr.zip,gambiae
1146,https://vo_agam_output.cog.sanger.ac.uk/AA0134-C.gatk.zarr.zip,coluzzii
1147,https://vo_agam_output.cog.sanger.ac.uk/AA0063-C.gatk.zarr.zip,coluzzii
1148,https://vo_agam_output.cog.sanger.ac.uk/AA0040-C.gatk.zarr.zip,coluzzii
1149,https://vo_agam_output.cog.sanger.ac.uk/AA0064-C.gatk.zarr.zip,coluzzii
1150,https://vo_agam_output.cog.sanger.ac.uk/AA0088-C.gatk.zarr.zip,coluzzii
1151,https://vo_agam_output.cog.sanger.ac.uk/AA0100-C.gatk.zarr.zip,coluzzii
1152,https://vo_agam_output.cog.sanger.ac.uk/AA0077-C.gatk.zarr.zip,coluzzii
1153,https://vo_agam_output.cog.sanger.ac.uk/AA0055-C.gatk.zarr.zip,coluzzii
1154,https://vo_agam_output.cog.sanger.ac.uk/AA0116-C.gatk.zarr.zip,coluzzii
1155,https://vo_agam_output.cog.sanger.ac.uk/AA0059-C.gatk.zarr.zip,gambiae
1156,https://vo_agam_output.cog.sanger.ac.uk/AA0084-C.gatk.zarr.zip,gambiae
1157,https://vo_agam_output.cog.sanger.ac.uk/AA0066-C.gatk.zarr.zip,coluzzii
1158,https://vo_agam_output.cog.sanger.ac.uk/AA0106-C.gatk.zarr.zip,gambiae
1159,https://vo_agam_output.cog.sanger.ac.uk/AA0107-C.gatk.zarr.zip,coluzzii
1160,https://vo_agam_output.cog.sanger.ac.uk/AA0060-C.gatk.zarr.zip,gambiae
1161,https://vo_agam_output.cog.sanger.ac.uk/AA0051-C.gatk.zarr.zip,coluzzii
1162,https://vo_agam_output.cog.sanger.ac.uk/AA0087-C.gatk.zarr.zip,coluzzii
1163,https://vo_agam_output.cog.sanger.ac.uk/AA0065-C.gatk.zarr.zip,coluzzii
1164,https://vo_agam_output.cog.sanger.ac.uk/AA0125-C.gatk.zarr.zip,coluzzii
1165,https://vo_agam_output.cog.sanger.ac.uk/AA0104-C.gatk.zarr.zip,coluzzii
1166,https://vo_agam_output.cog.sanger.ac.uk/AA0119-C.gatk.zarr.zip,gambiae
1167,https://vo_agam_output.cog.sanger.ac.uk/AA0061-C.gatk.zarr.zip,gambiae
1168,https://vo_agam_output.cog.sanger.ac.uk/AA0098-C.gatk.zarr.zip,coluzzii
1169,https://vo_agam_output.cog.sanger.ac.uk/AA0112-C.gatk.zarr.zip,coluzzii
1170,https://vo_agam_output.cog.sanger.ac.uk/AA0089-C.gatk.zarr.zip,coluzzii
1171,https://vo_agam_output.cog.sanger.ac.uk/AA0101-C.gatk.zarr.zip,coluzzii
1172,https://vo_agam_output.cog.sanger.ac.uk/AA0113-C.gatk.zarr.zip,coluzzii
1173,https://vo_agam_output.cog.sanger.ac.uk/AA0044-C.gatk.zarr.zip,coluzzii
1174,https://vo_agam_output.cog.sanger.ac.uk/AA0105-C.gatk.zarr.zip,gambiae
1175,https://vo_agam_output.cog.sanger.ac.uk/AA0070-C.gatk.zarr.zip,gambiae
1176,https://vo_agam_output.cog.sanger.ac.uk/AA0075-C.gatk.zarr.zip,coluzzii
1177,https://vo_agam_output.cog.sanger.ac.uk/AA0041-C.gatk.zarr.zip,coluzzii
1178,https://vo_agam_output.cog.sanger.ac.uk/AA0042-C.gatk.zarr.zip,coluzzii
1179,https://vo_agam_output.cog.sanger.ac.uk/AA0114-C.gatk.zarr.zip,coluzzii
1180,https://vo_agam_output.cog.sanger.ac.uk/AA0126-C.gatk.zarr.zip,coluzzii
1181,https://vo_agam_output.cog.sanger.ac.uk/AA0093-C.gatk.zarr.zip,gambiae
1182,https://vo_agam_output.cog.sanger.ac.uk/AA0123-C.gatk.zarr.zip,coluzzii
1183,https://vo_agam_output.cog.sanger.ac.uk/AA0054-C.gatk.zarr.zip,coluzzii
1184,https://vo_agam_output.cog.sanger.ac.uk/AA0128-C.gatk.zarr.zip,coluzzii
1185,https://vo_agam_output.cog.sanger.ac.uk/AA0129-C.gatk.zarr.zip,gambiae
1186,https://vo_agam_output.cog.sanger.ac.uk/AA0094-C.gatk.zarr.zip,gambiae
1187,https://vo_agam_output.cog.sanger.ac.uk/AA0118-C.gatk.zarr.zip,gambiae
1188,https://vo_agam_output.cog.sanger.ac.uk/AA0071-C.gatk.zarr.zip,gambiae
1189,https://vo_agam_output.cog.sanger.ac.uk/AA0097-C.gatk.zarr.zip,coluzzii
1190,https://vo_agam_output.cog.sanger.ac.uk/AA0092-C.gatk.zarr.zip,coluzzii
1191,https://vo_agam_output.cog.sanger.ac.uk/AA0047-C.gatk.zarr.zip,gambiae
1192,https://vo_agam_output.cog.sanger.ac.uk/AA0141-C.gatk.zarr.zip,coluzzii
1193,https://vo_agam_output.cog.sanger.ac.uk/AA0039-C.gatk.zarr.zip,coluzzii
1194,https://vo_agam_output.cog.sanger.ac.uk/AA0046-C.gatk.zarr.zip,gambiae
1195,https://vo_agam_output.cog.sanger.ac.uk/AA0095-C.gatk.zarr.zip,gambiae
1196,https://vo_agam_output.cog.sanger.ac.uk/AA0120-C.gatk.zarr.zip,coluzzii
1197,https://vo_agam_output.cog.sanger.ac.uk/AA0076-C.gatk.zarr.zip,coluzzii
1198,https://vo_agam_output.cog.sanger.ac.uk/AA0043-C.gatk.zarr.zip,coluzzii
1199,https://vo_agam_output.cog.sanger.ac.uk/AA0127-C.gatk.zarr.zip,coluzzii
1200,https://vo_agam_output.cog.sanger.ac.uk/AA0069-C.gatk.zarr.zip,gambiae
1201,https://vo_agam_output.cog.sanger.ac.uk/AA0049-C.gatk.zarr.zip,coluzzii
1202,https://vo_agam_output.cog.sanger.ac.uk/AA0133-C.gatk.zarr.zip,gambiae
1203,https://vo_agam_output.cog.sanger.ac.uk/AA0110-C.gatk.zarr.zip,coluzzii
1204,https://vo_agam_output.cog.sanger.ac.uk/AA0099-C.gatk.zarr.zip,coluzzii
1205,https://vo_agam_output.cog.sanger.ac.uk/AA0111-C.gatk.zarr.zip,coluzzii
1206,https://vo_agam_output.cog.sanger.ac.uk/AA0090-C.gatk.zarr.zip,coluzzii
1207,https://vo_agam_output.cog.sanger.ac.uk/AA0067-C.gatk.zarr.zip,coluzzii
1208,https://vo_agam_output.cog.sanger.ac.uk/AA0117-C.gatk.zarr.zip,gambiae
1209,https://vo_agam_output.cog.sanger.ac.uk/AA0131-C.gatk.zarr.zip,gambiae
1210,https://vo_agam_output.cog.sanger.ac.uk/AA0096-C.gatk.zarr.zip,gambiae
1211,https://vo_agam_output.cog.sanger.ac.uk/AA0053-C.gatk.zarr.zip,coluzzii
1212,https://vo_agam_output.cog.sanger.ac.uk/AA0102-C.gatk.zarr.zip,coluzzii
1213,https://vo_agam_output.cog.sanger.ac.uk/AA0130-C.gatk.zarr.zip,gambiae
1214,https://vo_agam_output.cog.sanger.ac.uk/AA0132-C.gatk.zarr.zip,coluzzii
1215,https://vo_agam_output.cog.sanger.ac.uk/AA0085-C.gatk.zarr.zip,gambiae
1216,https://vo_agam_output.cog.sanger.ac.uk/AA0048-C.gatk.zarr.zip,gambiae
1217,https://vo_agam_output.cog.sanger.ac.uk/AA0056-C.gatk.zarr.zip,coluzzii
1218,https://vo_agam_output.cog.sanger.ac.uk/AA0068-C.gatk.zarr.zip,coluzzii
1219,https://vo_agam_output.cog.sanger.ac.uk/AA0058-C.gatk.zarr.zip,gambiae
1220,https://vo_agam_output.cog.sanger.ac.uk/AA0073-C.gatk.zarr.zip,coluzzii
1221,https://vo_agam_output.cog.sanger.ac.uk/AA0062-C.gatk.zarr.zip,gambiae
1222,https://vo_agam_output.cog.sanger.ac.uk/AA0074-C.gatk.zarr.zip,coluzzii
1223,https://vo_agam_output.cog.sanger.ac.uk/AA0138-C.gatk.zarr.zip,coluzzii
1224,https://vo_agam_output.cog.sanger.ac.uk/AA0091-C.gatk.zarr.zip,coluzzii
1225,https://vo_agam_output.cog.sanger.ac.uk/AA0081-C.gatk.zarr.zip,gambiae
1226,https://vo_agam_output.cog.sanger.ac.uk/AA0082-C.gatk.zarr.zip,gambiae
1227,https://vo_agam_output.cog.sanger.ac.uk/AA0109-C.gatk.zarr.zip,coluzzii
1228,https://vo_agam_output.cog.sanger.ac.uk/AA0122-C.gatk.zarr.zip,gambiae
1229,https://vo_agam_output.cog.sanger.ac.uk/AA0137-C.gatk.zarr.zip,gambiae
1230,https://vo_agam_output.cog.sanger.ac.uk/AA0140-C.gatk.zarr.zip,coluzzii
1231,https://vo_agam_output.cog.sanger.ac.uk/AA0079-C.gatk.zarr.zip,coluzzii
1232,https://vo_agam_output.cog.sanger.ac.uk/AA0080-C.gatk.zarr.zip,coluzzii
1233,https://vo_agam_output.cog.sanger.ac.uk/AA0086-C.gatk.zarr.zip,gambiae
1234,https://vo_agam_output.cog.sanger.ac.uk/AA0136-C.gatk.zarr.zip,coluzzii
1235,https://vo_agam_output.cog.sanger.ac.uk/AA0139-C.gatk.zarr.zip,coluzzii
1236,https://vo_agam_output.cog.sanger.ac.uk/AA0057-C.gatk.zarr.zip,gambiae
1237,https://vo_agam_output.cog.sanger.ac.uk/AA0135-C.gatk.zarr.zip,coluzzii
1238,https://vo_agam_output.cog.sanger.ac.uk/AA0124-C.gatk.zarr.zip,coluzzii
1239,https://vo_agam_output.cog.sanger.ac.uk/AA0045-C.gatk.zarr.zip,gambiae
1240,https://vo_agam_output.cog.sanger.ac.uk/AA0072-C.gatk.zarr.zip,gambiae
1241,https://vo_agam_output.cog.sanger.ac.uk/AA0108-C.gatk.zarr.zip,gambiae
1242,https://vo_agam_output.cog.sanger.ac.uk/AG0147-C.gatk.zarr.zip,bissau
1243,https://vo_agam_output.cog.sanger.ac.uk/AG0159-C.gatk.zarr.zip,bissau
1244,https://vo_agam_output.cog.sanger.ac.uk/AG0232-C.gatk.zarr.zip,bissau
1245,https://vo_agam_output.cog.sanger.ac.uk/AG0129-C.gatk.zarr.zip,bissau
1246,https://vo_agam_output.cog.sanger.ac.uk/AG0153-C.gatk.zarr.zip,bissau
1247,https://vo_agam_output.cog.sanger.ac.uk/AG0163-C.gatk.zarr.zip,bissau
1248,https://vo_agam_output.cog.sanger.ac.uk/AG0200-C.gatk.zarr.zip,coluzzii
1249,https://vo_agam_output.cog.sanger.ac.uk/AG0209-C.gatk.zarr.zip,coluzzii
1250,https://vo_agam_output.cog.sanger.ac.uk/AG0229-C.gatk.zarr.zip,bissau
1251,https://vo_agam_output.cog.sanger.ac.uk/AG0230-C.gatk.zarr.zip,bissau
1252,https://vo_agam_output.cog.sanger.ac.uk/AG0098-C.gatk.zarr.zip,bissau
1253,https://vo_agam_output.cog.sanger.ac.uk/AG0104-C.gatk.zarr.zip,bissau
1254,https://vo_agam_output.cog.sanger.ac.uk/AG0106-C.gatk.zarr.zip,bissau
1255,https://vo_agam_output.cog.sanger.ac.uk/AG0120-C.gatk.zarr.zip,bissau
1256,https://vo_agam_output.cog.sanger.ac.uk/AG0136-C.gatk.zarr.zip,bissau
1257,https://vo_agam_output.cog.sanger.ac.uk/AG0141-C.gatk.zarr.zip,bissau
1258,https://vo_agam_output.cog.sanger.ac.uk/AG0145-C.gatk.zarr.zip,bissau
1259,https://vo_agam_output.cog.sanger.ac.uk/AG0148-C.gatk.zarr.zip,bissau
1260,https://vo_agam_output.cog.sanger.ac.uk/AG0172-C.gatk.zarr.zip,bissau
1261,https://vo_agam_output.cog.sanger.ac.uk/AG0179-C.gatk.zarr.zip,bissau
1262,https://vo_agam_output.cog.sanger.ac.uk/AG0223-C.gatk.zarr.zip,bissau
1263,https://vo_agam_output.cog.sanger.ac.uk/AG0118-C.gatk.zarr.zip,bissau
1264,https://vo_agam_output.cog.sanger.ac.uk/AG0119-C.gatk.zarr.zip,bissau
1265,https://vo_agam_output.cog.sanger.ac.uk/AG0121-C.gatk.zarr.zip,bissau
1266,https://vo_agam_output.cog.sanger.ac.uk/AG0133-C.gatk.zarr.zip,bissau
1267,https://vo_agam_output.cog.sanger.ac.uk/AG0134-C.gatk.zarr.zip,bissau
1268,https://vo_agam_output.cog.sanger.ac.uk/AG0138-C.gatk.zarr.zip,bissau
1269,https://vo_agam_output.cog.sanger.ac.uk/AG0227-C.gatk.zarr.zip,bissau
1270,https://vo_agam_output.cog.sanger.ac.uk/AG0231-C.gatk.zarr.zip,bissau
1271,https://vo_agam_output.cog.sanger.ac.uk/AG0102-C.gatk.zarr.zip,bissau
1272,https://vo_agam_output.cog.sanger.ac.uk/AG0108-C.gatk.zarr.zip,bissau
1273,https://vo_agam_output.cog.sanger.ac.uk/AG0123-C.gatk.zarr.zip,bissau
1274,https://vo_agam_output.cog.sanger.ac.uk/AG0128-C.gatk.zarr.zip,bissau
1275,https://vo_agam_output.cog.sanger.ac.uk/AG0137-C.gatk.zarr.zip,bissau
1276,https://vo_agam_output.cog.sanger.ac.uk/AG0139-C.gatk.zarr.zip,bissau
1277,https://vo_agam_output.cog.sanger.ac.uk/AG0143-C.gatk.zarr.zip,bissau
1278,https://vo_agam_output.cog.sanger.ac.uk/AG0162-C.gatk.zarr.zip,bissau
1279,https://vo_agam_output.cog.sanger.ac.uk/AG0170-C.gatk.zarr.zip,bissau
1280,https://vo_agam_output.cog.sanger.ac.uk/AG0181-C.gatk.zarr.zip,bissau
1281,https://vo_agam_output.cog.sanger.ac.uk/AG0085-C.gatk.zarr.zip,bissau
1282,https://vo_agam_output.cog.sanger.ac.uk/AG0096-C.gatk.zarr.zip,bissau
1283,https://vo_agam_output.cog.sanger.ac.uk/AG0126-C.gatk.zarr.zip,bissau
1284,https://vo_agam_output.cog.sanger.ac.uk/AG0152-C.gatk.zarr.zip,bissau
1285,https://vo_agam_output.cog.sanger.ac.uk/AG0183-C.gatk.zarr.zip,bissau
1286,https://vo_agam_output.cog.sanger.ac.uk/AG0208-C.gatk.zarr.zip,bissau
1287,https://vo_agam_output.cog.sanger.ac.uk/AG0214-C.gatk.zarr.zip,bissau
1288,https://vo_agam_output.cog.sanger.ac.uk/AG0226-C.gatk.zarr.zip,bissau
1289,https://vo_agam_output.cog.sanger.ac.uk/AG0127-C.gatk.zarr.zip,bissau
1290,https://vo_agam_output.cog.sanger.ac.uk/AG0130-C.gatk.zarr.zip,coluzzii
1291,https://vo_agam_output.cog.sanger.ac.uk/AG0135-C.gatk.zarr.zip,coluzzii
1292,https://vo_agam_output.cog.sanger.ac.uk/AG0144-C.gatk.zarr.zip,bissau
1293,https://vo_agam_output.cog.sanger.ac.uk/AG0156-C.gatk.zarr.zip,bissau
1294,https://vo_agam_output.cog.sanger.ac.uk/AG0206-C.gatk.zarr.zip,bissau
1295,https://vo_agam_output.cog.sanger.ac.uk/AG0221-C.gatk.zarr.zip,bissau
1296,https://vo_agam_output.cog.sanger.ac.uk/AG0234-C.gatk.zarr.zip,coluzzii
1297,https://vo_agam_output.cog.sanger.ac.uk/AG0082-C.gatk.zarr.zip,bissau
1298,https://vo_agam_output.cog.sanger.ac.uk/AG0097-C.gatk.zarr.zip,bissau
1299,https://vo_agam_output.cog.sanger.ac.uk/AG0100-C.gatk.zarr.zip,bissau
1300,https://vo_agam_output.cog.sanger.ac.uk/AG0109-C.gatk.zarr.zip,bissau
1301,https://vo_agam_output.cog.sanger.ac.uk/AG0124-C.gatk.zarr.zip,bissau
1302,https://vo_agam_output.cog.sanger.ac.uk/AG0142-C.gatk.zarr.zip,bissau
1303,https://vo_agam_output.cog.sanger.ac.uk/AG0146-C.gatk.zarr.zip,bissau
1304,https://vo_agam_output.cog.sanger.ac.uk/AG0169-C.gatk.zarr.zip,bissau
1305,https://vo_agam_output.cog.sanger.ac.uk/AG0178-C.gatk.zarr.zip,bissau
1306,https://vo_agam_output.cog.sanger.ac.uk/AG0195-C.gatk.zarr.zip,bissau
1307,https://vo_agam_output.cog.sanger.ac.uk/AG0089-C.gatk.zarr.zip,bissau
1308,https://vo_agam_output.cog.sanger.ac.uk/AG0111-C.gatk.zarr.zip,bissau
1309,https://vo_agam_output.cog.sanger.ac.uk/AG0125-C.gatk.zarr.zip,bissau
1310,https://vo_agam_output.cog.sanger.ac.uk/AG0197-C.gatk.zarr.zip,bissau
1311,https://vo_agam_output.cog.sanger.ac.uk/AG0202-C.gatk.zarr.zip,bissau
1312,https://vo_agam_output.cog.sanger.ac.uk/AG0203-C.gatk.zarr.zip,bissau
1313,https://vo_agam_output.cog.sanger.ac.uk/AG0204-C.gatk.zarr.zip,bissau
1314,https://vo_agam_output.cog.sanger.ac.uk/AG0225-C.gatk.zarr.zip,coluzzii
1315,https://vo_agam_output.cog.sanger.ac.uk/AG0263-C.gatk.zarr.zip,bissau
1316,https://vo_agam_output.cog.sanger.ac.uk/AG0382-CW.gatk.zarr.zip,coluzzii
1317,https://vo_agam_output.cog.sanger.ac.uk/AG0383-CW.gatk.zarr.zip,coluzzii
1318,https://vo_agam_output.cog.sanger.ac.uk/AG0386-CW.gatk.zarr.zip,coluzzii
1319,https://vo_agam_output.cog.sanger.ac.uk/AG0390-CW.gatk.zarr.zip,coluzzii
1320,https://vo_agam_output.cog.sanger.ac.uk/AG0394-CW.gatk.zarr.zip,coluzzii
1321,https://vo_agam_output.cog.sanger.ac.uk/AG0395-CW.gatk.zarr.zip,coluzzii
1322,https://vo_agam_output.cog.sanger.ac.uk/AG0396-CW.gatk.zarr.zip,coluzzii
1323,https://vo_agam_output.cog.sanger.ac.uk/AG0403-CW.gatk.zarr.zip,coluzzii
1324,https://vo_agam_output.cog.sanger.ac.uk/AG0404-CW.gatk.zarr.zip,coluzzii
1325,https://vo_agam_output.cog.sanger.ac.uk/AG0405-CW.gatk.zarr.zip,coluzzii
1326,https://vo_agam_output.cog.sanger.ac.uk/AG0406-CW.gatk.zarr.zip,coluzzii
1327,https://vo_agam_output.cog.sanger.ac.uk/AG0410-CW.gatk.zarr.zip,coluzzii
1328,https://vo_agam_output.cog.sanger.ac.uk/AG0411-CW.gatk.zarr.zip,coluzzii
1329,https://vo_agam_output.cog.sanger.ac.uk/AG0412-CW.gatk.zarr.zip,coluzzii
1330,https://vo_agam_output.cog.sanger.ac.uk/AG0415-CW.gatk.zarr.zip,coluzzii
1331,https://vo_agam_output.cog.sanger.ac.uk/AG0416-CW.gatk.zarr.zip,coluzzii
1332,https://vo_agam_output.cog.sanger.ac.uk/AG0418-CW.gatk.zarr.zip,coluzzii
1333,https://vo_agam_output.cog.sanger.ac.uk/AG0420-CW.gatk.zarr.zip,coluzzii
1334,https://vo_agam_output.cog.sanger.ac.uk/AG0422-CW.gatk.zarr.zip,coluzzii
1335,https://vo_agam_output.cog.sanger.ac.uk/AG0423-CW.gatk.zarr.zip,coluzzii
1336,https://vo_agam_output.cog.sanger.ac.uk/AG0442-CW.gatk.zarr.zip,bissau
1337,https://vo_agam_output.cog.sanger.ac.uk/AG0443-CW.gatk.zarr.zip,coluzzii
1338,https://vo_agam_output.cog.sanger.ac.uk/AG0445-CW.gatk.zarr.zip,bissau
1339,https://vo_agam_output.cog.sanger.ac.uk/AG0446-CW.gatk.zarr.zip,bissau
1340,https://vo_agam_output.cog.sanger.ac.uk/AG0448-CW.gatk.zarr.zip,bissau
1341,https://vo_agam_output.cog.sanger.ac.uk/AG0450-CW.gatk.zarr.zip,bissau
1342,https://vo_agam_output.cog.sanger.ac.uk/AG0451-CW.gatk.zarr.zip,coluzzii
1343,https://vo_agam_output.cog.sanger.ac.uk/AG0454-CW.gatk.zarr.zip,bissau
1344,https://vo_agam_output.cog.sanger.ac.uk/AG0455-CW.gatk.zarr.zip,bissau
1345,https://vo_agam_output.cog.sanger.ac.uk/AG0456-CW.gatk.zarr.zip,bissau
1346,https://vo_agam_output.cog.sanger.ac.uk/AG0460-CW.gatk.zarr.zip,bissau
1347,https://vo_agam_output.cog.sanger.ac.uk/AG0001-C.gatk.zarr.zip,coluzzii
1348,https://vo_agam_output.cog.sanger.ac.uk/AG0003-C.gatk.zarr.zip,coluzzii
1349,https://vo_agam_output.cog.sanger.ac.uk/AG0004-C.gatk.zarr.zip,coluzzii
1350,https://vo_agam_output.cog.sanger.ac.uk/AG0006-C.gatk.zarr.zip,coluzzii
1351,https://vo_agam_output.cog.sanger.ac.uk/AG0010-C.gatk.zarr.zip,coluzzii
1352,https://vo_agam_output.cog.sanger.ac.uk/AG0045-C.gatk.zarr.zip,coluzzii
1353,https://vo_agam_output.cog.sanger.ac.uk/AG0047-C.gatk.zarr.zip,coluzzii
1354,https://vo_agam_output.cog.sanger.ac.uk/AG0052-C.gatk.zarr.zip,coluzzii
1355,https://vo_agam_output.cog.sanger.ac.uk/AG0055-C.gatk.zarr.zip,coluzzii
1356,https://vo_agam_output.cog.sanger.ac.uk/AG0056-C.gatk.zarr.zip,coluzzii
1357,https://vo_agam_output.cog.sanger.ac.uk/AG0058-C.gatk.zarr.zip,gambiae
1358,https://vo_agam_output.cog.sanger.ac.uk/AG0061-C.gatk.zarr.zip,coluzzii
1359,https://vo_agam_output.cog.sanger.ac.uk/AG0002-C.gatk.zarr.zip,coluzzii
1360,https://vo_agam_output.cog.sanger.ac.uk/AG0005-C.gatk.zarr.zip,coluzzii
1361,https://vo_agam_output.cog.sanger.ac.uk/AG0014-C.gatk.zarr.zip,coluzzii
1362,https://vo_agam_output.cog.sanger.ac.uk/AG0015-C.gatk.zarr.zip,coluzzii
1363,https://vo_agam_output.cog.sanger.ac.uk/AG0018-C.gatk.zarr.zip,coluzzii
1364,https://vo_agam_output.cog.sanger.ac.uk/AG0019-C.gatk.zarr.zip,coluzzii
1365,https://vo_agam_output.cog.sanger.ac.uk/AG0024-C.gatk.zarr.zip,coluzzii
1366,https://vo_agam_output.cog.sanger.ac.uk/AG0028-C.gatk.zarr.zip,coluzzii
1367,https://vo_agam_output.cog.sanger.ac.uk/AG0049-C.gatk.zarr.zip,coluzzii
1368,https://vo_agam_output.cog.sanger.ac.uk/AG0051-C.gatk.zarr.zip,coluzzii
1369,https://vo_agam_output.cog.sanger.ac.uk/AG0064-C.gatk.zarr.zip,coluzzii
1370,https://vo_agam_output.cog.sanger.ac.uk/AG0009-C.gatk.zarr.zip,coluzzii
1371,https://vo_agam_output.cog.sanger.ac.uk/AG0035-C.gatk.zarr.zip,coluzzii
1372,https://vo_agam_output.cog.sanger.ac.uk/AG0037-C.gatk.zarr.zip,coluzzii
1373,https://vo_agam_output.cog.sanger.ac.uk/AG0038-C.gatk.zarr.zip,coluzzii
1374,https://vo_agam_output.cog.sanger.ac.uk/AG0039-C.gatk.zarr.zip,coluzzii
1375,https://vo_agam_output.cog.sanger.ac.uk/AG0043-C.gatk.zarr.zip,coluzzii
1376,https://vo_agam_output.cog.sanger.ac.uk/AG0068-C.gatk.zarr.zip,coluzzii
1377,https://vo_agam_output.cog.sanger.ac.uk/AG0071-C.gatk.zarr.zip,coluzzii
1378,https://vo_agam_output.cog.sanger.ac.uk/AG0072-C.gatk.zarr.zip,coluzzii
1379,https://vo_agam_output.cog.sanger.ac.uk/AG0074-C.gatk.zarr.zip,gambiae
1380,https://vo_agam_output.cog.sanger.ac.uk/AG0075-C.gatk.zarr.zip,coluzzii
1381,https://vo_agam_output.cog.sanger.ac.uk/AG0077-C.gatk.zarr.zip,coluzzii
1382,https://vo_agam_output.cog.sanger.ac.uk/AG0007-C.gatk.zarr.zip,coluzzii
1383,https://vo_agam_output.cog.sanger.ac.uk/AG0012-C.gatk.zarr.zip,coluzzii
1384,https://vo_agam_output.cog.sanger.ac.uk/AG0013-C.gatk.zarr.zip,coluzzii
1385,https://vo_agam_output.cog.sanger.ac.uk/AG0016-C.gatk.zarr.zip,coluzzii
1386,https://vo_agam_output.cog.sanger.ac.uk/AG0029-C.gatk.zarr.zip,coluzzii
1387,https://vo_agam_output.cog.sanger.ac.uk/AG0031-C.gatk.zarr.zip,coluzzii
1388,https://vo_agam_output.cog.sanger.ac.uk/AG0044-C.gatk.zarr.zip,coluzzii
1389,https://vo_agam_output.cog.sanger.ac.uk/AG0054-C.gatk.zarr.zip,coluzzii
1390,https://vo_agam_output.cog.sanger.ac.uk/AG0060-C.gatk.zarr.zip,coluzzii
1391,https://vo_agam_output.cog.sanger.ac.uk/AG0063-C.gatk.zarr.zip,coluzzii
1392,https://vo_agam_output.cog.sanger.ac.uk/AG0065-C.gatk.zarr.zip,coluzzii
1393,https://vo_agam_output.cog.sanger.ac.uk/AG0069-C.gatk.zarr.zip,coluzzii
1394,https://vo_agam_output.cog.sanger.ac.uk/AG0011-C.gatk.zarr.zip,coluzzii
1395,https://vo_agam_output.cog.sanger.ac.uk/AG0020-C.gatk.zarr.zip,coluzzii
1396,https://vo_agam_output.cog.sanger.ac.uk/AG0022-C.gatk.zarr.zip,coluzzii
1397,https://vo_agam_output.cog.sanger.ac.uk/AG0023-C.gatk.zarr.zip,coluzzii
1398,https://vo_agam_output.cog.sanger.ac.uk/AG0025-C.gatk.zarr.zip,coluzzii
1399,https://vo_agam_output.cog.sanger.ac.uk/AG0027-C.gatk.zarr.zip,coluzzii
1400,https://vo_agam_output.cog.sanger.ac.uk/AG0032-C.gatk.zarr.zip,coluzzii
1401,https://vo_agam_output.cog.sanger.ac.uk/AG0048-C.gatk.zarr.zip,coluzzii
1402,https://vo_agam_output.cog.sanger.ac.uk/AG0059-C.gatk.zarr.zip,coluzzii
1403,https://vo_agam_output.cog.sanger.ac.uk/AG0062-C.gatk.zarr.zip,coluzzii
1404,https://vo_agam_output.cog.sanger.ac.uk/AG0066-C.gatk.zarr.zip,coluzzii
1405,https://vo_agam_output.cog.sanger.ac.uk/AG0076-C.gatk.zarr.zip,coluzzii
1406,https://vo_agam_output.cog.sanger.ac.uk/AG0021-C.gatk.zarr.zip,coluzzii
1407,https://vo_agam_output.cog.sanger.ac.uk/AG0033-C.gatk.zarr.zip,coluzzii
1408,https://vo_agam_output.cog.sanger.ac.uk/AG0040-C.gatk.zarr.zip,coluzzii
1409,https://vo_agam_output.cog.sanger.ac.uk/AG0041-C.gatk.zarr.zip,coluzzii
1410,https://vo_agam_output.cog.sanger.ac.uk/AG0042-C.gatk.zarr.zip,coluzzii
1411,https://vo_agam_output.cog.sanger.ac.uk/AG0050-C.gatk.zarr.zip,coluzzii
1412,https://vo_agam_output.cog.sanger.ac.uk/AG0053-C.gatk.zarr.zip,coluzzii
1413,https://vo_agam_output.cog.sanger.ac.uk/AG0067-C.gatk.zarr.zip,coluzzii
1414,https://vo_agam_output.cog.sanger.ac.uk/AG0375-C.gatk.zarr.zip,coluzzii
1415,https://vo_agam_output.cog.sanger.ac.uk/AG0290-C.gatk.zarr.zip,coluzzii
1416,https://vo_agam_output.cog.sanger.ac.uk/AG0330-C.gatk.zarr.zip,coluzzii
1417,https://vo_agam_output.cog.sanger.ac.uk/AG0314-C.gatk.zarr.zip,coluzzii
1418,https://vo_agam_output.cog.sanger.ac.uk/AG0279-C.gatk.zarr.zip,coluzzii
1419,https://vo_agam_output.cog.sanger.ac.uk/AG0289-C.gatk.zarr.zip,coluzzii
1420,https://vo_agam_output.cog.sanger.ac.uk/AG0352-C.gatk.zarr.zip,coluzzii
1421,https://vo_agam_output.cog.sanger.ac.uk/AG0356-C.gatk.zarr.zip,coluzzii
1422,https://vo_agam_output.cog.sanger.ac.uk/AG0307-C.gatk.zarr.zip,coluzzii
1423,https://vo_agam_output.cog.sanger.ac.uk/AG0359-C.gatk.zarr.zip,coluzzii
1424,https://vo_agam_output.cog.sanger.ac.uk/AG0310-C.gatk.zarr.zip,coluzzii
1425,https://vo_agam_output.cog.sanger.ac.uk/AG0293-C.gatk.zarr.zip,coluzzii
1426,https://vo_agam_output.cog.sanger.ac.uk/AG0327-C.gatk.zarr.zip,coluzzii
1427,https://vo_agam_output.cog.sanger.ac.uk/AG0337-C.gatk.zarr.zip,coluzzii
1428,https://vo_agam_output.cog.sanger.ac.uk/AG0366-C.gatk.zarr.zip,coluzzii
1429,https://vo_agam_output.cog.sanger.ac.uk/AG0270-C.gatk.zarr.zip,coluzzii
1430,https://vo_agam_output.cog.sanger.ac.uk/AG0334-C.gatk.zarr.zip,coluzzii
1431,https://vo_agam_output.cog.sanger.ac.uk/AG0273-C.gatk.zarr.zip,coluzzii
1432,https://vo_agam_output.cog.sanger.ac.uk/AG0306-C.gatk.zarr.zip,coluzzii
1433,https://vo_agam_output.cog.sanger.ac.uk/AG0329-C.gatk.zarr.zip,coluzzii
1434,https://vo_agam_output.cog.sanger.ac.uk/AG0344-C.gatk.zarr.zip,coluzzii
1435,https://vo_agam_output.cog.sanger.ac.uk/AG0296-C.gatk.zarr.zip,coluzzii
1436,https://vo_agam_output.cog.sanger.ac.uk/AG0285-C.gatk.zarr.zip,coluzzii
1437,https://vo_agam_output.cog.sanger.ac.uk/AG0304-C.gatk.zarr.zip,coluzzii
1438,https://vo_agam_output.cog.sanger.ac.uk/AG0349-C.gatk.zarr.zip,coluzzii
1439,https://vo_agam_output.cog.sanger.ac.uk/AG0320-C.gatk.zarr.zip,coluzzii
1440,https://vo_agam_output.cog.sanger.ac.uk/AG0323-C.gatk.zarr.zip,coluzzii
1441,https://vo_agam_output.cog.sanger.ac.uk/AG0373-C.gatk.zarr.zip,coluzzii
1442,https://vo_agam_output.cog.sanger.ac.uk/AG0298-C.gatk.zarr.zip,coluzzii
1443,https://vo_agam_output.cog.sanger.ac.uk/AG0369-C.gatk.zarr.zip,coluzzii
1444,https://vo_agam_output.cog.sanger.ac.uk/AG0283-C.gatk.zarr.zip,coluzzii
1445,https://vo_agam_output.cog.sanger.ac.uk/AG0275-C.gatk.zarr.zip,coluzzii
1446,https://vo_agam_output.cog.sanger.ac.uk/AG0272-C.gatk.zarr.zip,coluzzii
1447,https://vo_agam_output.cog.sanger.ac.uk/AG0299-C.gatk.zarr.zip,coluzzii
1448,https://vo_agam_output.cog.sanger.ac.uk/AG0315-C.gatk.zarr.zip,coluzzii
1449,https://vo_agam_output.cog.sanger.ac.uk/AG0353-C.gatk.zarr.zip,coluzzii
1450,https://vo_agam_output.cog.sanger.ac.uk/AG0318-C.gatk.zarr.zip,coluzzii
1451,https://vo_agam_output.cog.sanger.ac.uk/AG0317-C.gatk.zarr.zip,coluzzii
1452,https://vo_agam_output.cog.sanger.ac.uk/AG0374-C.gatk.zarr.zip,coluzzii
1453,https://vo_agam_output.cog.sanger.ac.uk/AG0360-C.gatk.zarr.zip,coluzzii
1454,https://vo_agam_output.cog.sanger.ac.uk/AG0341-C.gatk.zarr.zip,coluzzii
1455,https://vo_agam_output.cog.sanger.ac.uk/AG0302-C.gatk.zarr.zip,coluzzii
1456,https://vo_agam_output.cog.sanger.ac.uk/AG0357-C.gatk.zarr.zip,coluzzii
1457,https://vo_agam_output.cog.sanger.ac.uk/AG0284-C.gatk.zarr.zip,coluzzii
1458,https://vo_agam_output.cog.sanger.ac.uk/AG0324-C.gatk.zarr.zip,coluzzii
1459,https://vo_agam_output.cog.sanger.ac.uk/AG0342-C.gatk.zarr.zip,coluzzii
1460,https://vo_agam_output.cog.sanger.ac.uk/AG0287-C.gatk.zarr.zip,coluzzii
1461,https://vo_agam_output.cog.sanger.ac.uk/AG0351-C.gatk.zarr.zip,coluzzii
1462,https://vo_agam_output.cog.sanger.ac.uk/AG0377-C.gatk.zarr.zip,coluzzii
1463,https://vo_agam_output.cog.sanger.ac.uk/AG0281-C.gatk.zarr.zip,coluzzii
1464,https://vo_agam_output.cog.sanger.ac.uk/AG0371-C.gatk.zarr.zip,coluzzii
1465,https://vo_agam_output.cog.sanger.ac.uk/AG0277-C.gatk.zarr.zip,coluzzii
1466,https://vo_agam_output.cog.sanger.ac.uk/AG0339-C.gatk.zarr.zip,coluzzii
1467,https://vo_agam_output.cog.sanger.ac.uk/AG0336-C.gatk.zarr.zip,coluzzii
1468,https://vo_agam_output.cog.sanger.ac.uk/AG0348-C.gatk.zarr.zip,coluzzii
1469,https://vo_agam_output.cog.sanger.ac.uk/AG0295-C.gatk.zarr.zip,coluzzii
1470,https://vo_agam_output.cog.sanger.ac.uk/AG0326-C.gatk.zarr.zip,coluzzii
1471,https://vo_agam_output.cog.sanger.ac.uk/AG0319-C.gatk.zarr.zip,coluzzii
1472,https://vo_agam_output.cog.sanger.ac.uk/AG0300-C.gatk.zarr.zip,coluzzii
1473,https://vo_agam_output.cog.sanger.ac.uk/AG0367-C.gatk.zarr.zip,coluzzii
1474,https://vo_agam_output.cog.sanger.ac.uk/AG0274-C.gatk.zarr.zip,coluzzii
1475,https://vo_agam_output.cog.sanger.ac.uk/AG0343-C.gatk.zarr.zip,coluzzii
1476,https://vo_agam_output.cog.sanger.ac.uk/AG0358-C.gatk.zarr.zip,coluzzii
1477,https://vo_agam_output.cog.sanger.ac.uk/AG0335-C.gatk.zarr.zip,coluzzii
1478,https://vo_agam_output.cog.sanger.ac.uk/AG0346-C.gatk.zarr.zip,coluzzii
1479,https://vo_agam_output.cog.sanger.ac.uk/AG0294-C.gatk.zarr.zip,coluzzii
1480,https://vo_agam_output.cog.sanger.ac.uk/AG0354-C.gatk.zarr.zip,coluzzii
1481,https://vo_agam_output.cog.sanger.ac.uk/AG0368-C.gatk.zarr.zip,coluzzii
1482,https://vo_agam_output.cog.sanger.ac.uk/AG0311-C.gatk.zarr.zip,coluzzii
1483,https://vo_agam_output.cog.sanger.ac.uk/AG0355-C.gatk.zarr.zip,coluzzii
1484,https://vo_agam_output.cog.sanger.ac.uk/AG0332-C.gatk.zarr.zip,coluzzii
1485,https://vo_agam_output.cog.sanger.ac.uk/AG0361-C.gatk.zarr.zip,coluzzii
1486,https://vo_agam_output.cog.sanger.ac.uk/AG0305-C.gatk.zarr.zip,coluzzii
1487,https://vo_agam_output.cog.sanger.ac.uk/AG0363-C.gatk.zarr.zip,coluzzii
1488,https://vo_agam_output.cog.sanger.ac.uk/AG0331-C.gatk.zarr.zip,coluzzii
1489,https://vo_agam_output.cog.sanger.ac.uk/AG0309-C.gatk.zarr.zip,coluzzii
1490,https://vo_agam_output.cog.sanger.ac.uk/AG0333-C.gatk.zarr.zip,coluzzii
1491,https://vo_agam_output.cog.sanger.ac.uk/AG0338-C.gatk.zarr.zip,coluzzii
1492,https://vo_agam_output.cog.sanger.ac.uk/AG0350-C.gatk.zarr.zip,coluzzii
1493,https://vo_agam_output.cog.sanger.ac.uk/AG0321-C.gatk.zarr.zip,coluzzii
1494,https://vo_agam_output.cog.sanger.ac.uk/AG0278-C.gatk.zarr.zip,coluzzii
1495,https://vo_agam_output.cog.sanger.ac.uk/AG0308-C.gatk.zarr.zip,coluzzii
1496,https://vo_agam_output.cog.sanger.ac.uk/AG0376-C.gatk.zarr.zip,coluzzii
1497,https://vo_agam_output.cog.sanger.ac.uk/AG0370-C.gatk.zarr.zip,coluzzii
1498,https://vo_agam_output.cog.sanger.ac.uk/AG0372-C.gatk.zarr.zip,coluzzii
1499,https://vo_agam_output.cog.sanger.ac.uk/AG0325-C.gatk.zarr.zip,coluzzii
1500,https://vo_agam_output.cog.sanger.ac.uk/AG0292-C.gatk.zarr.zip,coluzzii
1501,https://vo_agam_output.cog.sanger.ac.uk/AG0297-C.gatk.zarr.zip,coluzzii
1502,https://vo_agam_output.cog.sanger.ac.uk/AG0282-C.gatk.zarr.zip,coluzzii
1503,https://vo_agam_output.cog.sanger.ac.uk/AG0347-C.gatk.zarr.zip,coluzzii
1504,https://vo_agam_output.cog.sanger.ac.uk/AG0364-C.gatk.zarr.zip,coluzzii
1505,https://vo_agam_output.cog.sanger.ac.uk/AG0328-C.gatk.zarr.zip,coluzzii
1506,https://vo_agam_output.cog.sanger.ac.uk/AG0286-C.gatk.zarr.zip,coluzzii
1507,https://vo_agam_output.cog.sanger.ac.uk/AG0365-C.gatk.zarr.zip,coluzzii
1508,https://vo_agam_output.cog.sanger.ac.uk/AG0276-C.gatk.zarr.zip,coluzzii
1509,https://vo_agam_output.cog.sanger.ac.uk/AG0271-C.gatk.zarr.zip,coluzzii
1510,https://vo_agam_output.cog.sanger.ac.uk/AG0345-C.gatk.zarr.zip,coluzzii
1511,https://vo_agam_output.cog.sanger.ac.uk/AG0291-C.gatk.zarr.zip,coluzzii
1512,https://vo_agam_output.cog.sanger.ac.uk/AG0362-C.gatk.zarr.zip,coluzzii
1513,https://vo_agam_output.cog.sanger.ac.uk/AG0340-C.gatk.zarr.zip,coluzzii
1514,https://vo_agam_output.cog.sanger.ac.uk/AG0288-C.gatk.zarr.zip,coluzzii
1515,https://vo_agam_output.cog.sanger.ac.uk/AG0322-C.gatk.zarr.zip,coluzzii
1516,https://vo_agam_output.cog.sanger.ac.uk/AG0312-C.gatk.zarr.zip,coluzzii
1517,https://vo_agam_output.cog.sanger.ac.uk/AG0316-C.gatk.zarr.zip,coluzzii
1518,https://vo_agam_output.cog.sanger.ac.uk/AG0303-C.gatk.zarr.zip,coluzzii
1519,https://vo_agam_output.cog.sanger.ac.uk/AG0301-C.gatk.zarr.zip,coluzzii
1520,https://vo_agam_output.cog.sanger.ac.uk/AG0313-C.gatk.zarr.zip,coluzzii
1521,https://vo_agam_output.cog.sanger.ac.uk/AV0043-C.gatk.zarr.zip,gambiae
1522,https://vo_agam_output.cog.sanger.ac.uk/AV0036-C.gatk.zarr.zip,gambiae
1523,https://vo_agam_output.cog.sanger.ac.uk/AV0025-C.gatk.zarr.zip,gambiae
1524,https://vo_agam_output.cog.sanger.ac.uk/AV0037-C.gatk.zarr.zip,gambiae
1525,https://vo_agam_output.cog.sanger.ac.uk/AV0026-C.gatk.zarr.zip,gambiae
1526,https://vo_agam_output.cog.sanger.ac.uk/AV0006-C.gatk.zarr.zip,gambiae
1527,https://vo_agam_output.cog.sanger.ac.uk/AV0008-C.gatk.zarr.zip,gambiae
1528,https://vo_agam_output.cog.sanger.ac.uk/AV0015-C.gatk.zarr.zip,gambiae
1529,https://vo_agam_output.cog.sanger.ac.uk/AV0010-C.gatk.zarr.zip,gambiae
1530,https://vo_agam_output.cog.sanger.ac.uk/AV0032-C.gatk.zarr.zip,gambiae
1531,https://vo_agam_output.cog.sanger.ac.uk/AV0007-C.gatk.zarr.zip,gambiae
1532,https://vo_agam_output.cog.sanger.ac.uk/AV0035-C.gatk.zarr.zip,gambiae
1533,https://vo_agam_output.cog.sanger.ac.uk/AV0012-C.gatk.zarr.zip,gambiae
1534,https://vo_agam_output.cog.sanger.ac.uk/AV0024-C.gatk.zarr.zip,gambiae
1535,https://vo_agam_output.cog.sanger.ac.uk/AV0031-C.gatk.zarr.zip,gambiae
1536,https://vo_agam_output.cog.sanger.ac.uk/AV0002-C.gatk.zarr.zip,gambiae
1537,https://vo_agam_output.cog.sanger.ac.uk/AV0014-C.gatk.zarr.zip,gambiae
1538,https://vo_agam_output.cog.sanger.ac.uk/AV0013-C.gatk.zarr.zip,gambiae
1539,https://vo_agam_output.cog.sanger.ac.uk/AV0005-C.gatk.zarr.zip,gambiae
1540,https://vo_agam_output.cog.sanger.ac.uk/AV0011-C.gatk.zarr.zip,gambiae
1541,https://vo_agam_output.cog.sanger.ac.uk/AV0027-C.gatk.zarr.zip,gambiae
1542,https://vo_agam_output.cog.sanger.ac.uk/AV0018-C.gatk.zarr.zip,gambiae
1543,https://vo_agam_output.cog.sanger.ac.uk/AV0047-C.gatk.zarr.zip,gambiae
1544,https://vo_agam_output.cog.sanger.ac.uk/AV0038-C.gatk.zarr.zip,coluzzii
1545,https://vo_agam_output.cog.sanger.ac.uk/AV0040-C.gatk.zarr.zip,coluzzii
1546,https://vo_agam_output.cog.sanger.ac.uk/AV0039-C.gatk.zarr.zip,gambiae
1547,https://vo_agam_output.cog.sanger.ac.uk/AV0009-C.gatk.zarr.zip,gambiae
1548,https://vo_agam_output.cog.sanger.ac.uk/AV0001-C.gatk.zarr.zip,gambiae
1549,https://vo_agam_output.cog.sanger.ac.uk/AV0041-C.gatk.zarr.zip,gambiae
1550,https://vo_agam_output.cog.sanger.ac.uk/AV0033-C.gatk.zarr.zip,gambiae
1551,https://vo_agam_output.cog.sanger.ac.uk/AV0045-C.gatk.zarr.zip,gambiae
1552,https://vo_agam_output.cog.sanger.ac.uk/AV0017-C.gatk.zarr.zip,gambiae
1553,https://vo_agam_output.cog.sanger.ac.uk/AV0022-C.gatk.zarr.zip,gambiae
1554,https://vo_agam_output.cog.sanger.ac.uk/AV0020-C.gatk.zarr.zip,gambiae
1555,https://vo_agam_output.cog.sanger.ac.uk/AV0021-C.gatk.zarr.zip,gambiae
1556,https://vo_agam_output.cog.sanger.ac.uk/AV0028-C.gatk.zarr.zip,gambiae
1557,https://vo_agam_output.cog.sanger.ac.uk/AV0023-C.gatk.zarr.zip,gambiae
1558,https://vo_agam_output.cog.sanger.ac.uk/AV0042-Cx.gatk.zarr.zip,coluzzii
1559,https://vo_agam_output.cog.sanger.ac.uk/AV0044-Cx.gatk.zarr.zip,gambiae
1560,https://vo_agam_output.cog.sanger.ac.uk/AV0004-Cx.gatk.zarr.zip,gambiae
1561,https://vo_agam_output.cog.sanger.ac.uk/AV0030-Cx.gatk.zarr.zip,gambiae
1562,https://vo_agam_output.cog.sanger.ac.uk/AV0046-Cx.gatk.zarr.zip,coluzzii
1563,https://vo_agam_output.cog.sanger.ac.uk/AV0029-Cx.gatk.zarr.zip,gambiae
1564,https://vo_agam_output.cog.sanger.ac.uk/AV0034-Cx.gatk.zarr.zip,gambiae
1565,https://vo_agam_output.cog.sanger.ac.uk/AV0003-Cx.gatk.zarr.zip,gambiae
1566,https://vo_agam_output.cog.sanger.ac.uk/AV0069-CW.gatk.zarr.zip,gambiae
1567,https://vo_agam_output.cog.sanger.ac.uk/AV0126-CW.gatk.zarr.zip,gambiae
1568,https://vo_agam_output.cog.sanger.ac.uk/AV0209-CW.gatk.zarr.zip,coluzzii
1569,https://vo_agam_output.cog.sanger.ac.uk/AV0235-CW.gatk.zarr.zip,gambiae
1570,https://vo_agam_output.cog.sanger.ac.uk/AV0132-C.gatk.zarr.zip,gambiae
1571,https://vo_agam_output.cog.sanger.ac.uk/AV0061-C.gatk.zarr.zip,gambiae
1572,https://vo_agam_output.cog.sanger.ac.uk/AV0109-C.gatk.zarr.zip,gambiae
1573,https://vo_agam_output.cog.sanger.ac.uk/AV0074-C.gatk.zarr.zip,gambiae
1574,https://vo_agam_output.cog.sanger.ac.uk/AV0086-C.gatk.zarr.zip,gambiae
1575,https://vo_agam_output.cog.sanger.ac.uk/AV0098-C.gatk.zarr.zip,gambiae
1576,https://vo_agam_output.cog.sanger.ac.uk/AV0134-C.gatk.zarr.zip,gambiae
1577,https://vo_agam_output.cog.sanger.ac.uk/AV0113-C.gatk.zarr.zip,gambiae
1578,https://vo_agam_output.cog.sanger.ac.uk/AV0137-C.gatk.zarr.zip,gambiae
1579,https://vo_agam_output.cog.sanger.ac.uk/AV0078-C.gatk.zarr.zip,gambiae
1580,https://vo_agam_output.cog.sanger.ac.uk/AV0055-C.gatk.zarr.zip,gambiae
1581,https://vo_agam_output.cog.sanger.ac.uk/AV0067-C.gatk.zarr.zip,gambiae
1582,https://vo_agam_output.cog.sanger.ac.uk/AV0091-C.gatk.zarr.zip,gambiae
1583,https://vo_agam_output.cog.sanger.ac.uk/AV0115-C.gatk.zarr.zip,gambiae
1584,https://vo_agam_output.cog.sanger.ac.uk/AV0068-C.gatk.zarr.zip,gambiae
1585,https://vo_agam_output.cog.sanger.ac.uk/AV0080-C.gatk.zarr.zip,gambiae
1586,https://vo_agam_output.cog.sanger.ac.uk/AV0092-C.gatk.zarr.zip,gambiae
1587,https://vo_agam_output.cog.sanger.ac.uk/AV0104-C.gatk.zarr.zip,gambiae
1588,https://vo_agam_output.cog.sanger.ac.uk/AV0116-C.gatk.zarr.zip,gambiae
1589,https://vo_agam_output.cog.sanger.ac.uk/AV0128-C.gatk.zarr.zip,gambiae
1590,https://vo_agam_output.cog.sanger.ac.uk/AV0140-C.gatk.zarr.zip,gambiae
1591,https://vo_agam_output.cog.sanger.ac.uk/AV0129-C.gatk.zarr.zip,gambiae
1592,https://vo_agam_output.cog.sanger.ac.uk/AV0141-C.gatk.zarr.zip,gambiae
1593,https://vo_agam_output.cog.sanger.ac.uk/AV0058-C.gatk.zarr.zip,gambiae
1594,https://vo_agam_output.cog.sanger.ac.uk/AV0070-C.gatk.zarr.zip,gambiae
1595,https://vo_agam_output.cog.sanger.ac.uk/AV0082-C.gatk.zarr.zip,gambiae
1596,https://vo_agam_output.cog.sanger.ac.uk/AV0094-C.gatk.zarr.zip,gambiae
1597,https://vo_agam_output.cog.sanger.ac.uk/AV0106-C.gatk.zarr.zip,gambiae
1598,https://vo_agam_output.cog.sanger.ac.uk/AV0130-C.gatk.zarr.zip,gambiae
1599,https://vo_agam_output.cog.sanger.ac.uk/AV0059-C.gatk.zarr.zip,gambiae
1600,https://vo_agam_output.cog.sanger.ac.uk/AV0083-C.gatk.zarr.zip,gambiae
1601,https://vo_agam_output.cog.sanger.ac.uk/AV0095-C.gatk.zarr.zip,gambiae
1602,https://vo_agam_output.cog.sanger.ac.uk/AV0107-C.gatk.zarr.zip,gambiae
1603,https://vo_agam_output.cog.sanger.ac.uk/AV0119-C.gatk.zarr.zip,gambiae
1604,https://vo_agam_output.cog.sanger.ac.uk/AV0131-C.gatk.zarr.zip,gambiae
1605,https://vo_agam_output.cog.sanger.ac.uk/AV0142-C.gatk.zarr.zip,gambiae
1606,https://vo_agam_output.cog.sanger.ac.uk/AV0154-C.gatk.zarr.zip,gambiae
1607,https://vo_agam_output.cog.sanger.ac.uk/AV0226-C.gatk.zarr.zip,gambiae
1608,https://vo_agam_output.cog.sanger.ac.uk/AV0143-C.gatk.zarr.zip,gambiae
1609,https://vo_agam_output.cog.sanger.ac.uk/AV0179-C.gatk.zarr.zip,gambiae
1610,https://vo_agam_output.cog.sanger.ac.uk/AV0191-C.gatk.zarr.zip,gambiae
1611,https://vo_agam_output.cog.sanger.ac.uk/AV0180-C.gatk.zarr.zip,gambiae
1612,https://vo_agam_output.cog.sanger.ac.uk/AV0192-C.gatk.zarr.zip,gambiae
1613,https://vo_agam_output.cog.sanger.ac.uk/AV0170-C.gatk.zarr.zip,gambiae
1614,https://vo_agam_output.cog.sanger.ac.uk/AV0194-C.gatk.zarr.zip,gambiae
1615,https://vo_agam_output.cog.sanger.ac.uk/AV0206-C.gatk.zarr.zip,gambiae
1616,https://vo_agam_output.cog.sanger.ac.uk/AV0218-C.gatk.zarr.zip,gambiae
1617,https://vo_agam_output.cog.sanger.ac.uk/AV0171-C.gatk.zarr.zip,gambiae
1618,https://vo_agam_output.cog.sanger.ac.uk/AV0195-C.gatk.zarr.zip,gambiae
1619,https://vo_agam_output.cog.sanger.ac.uk/AV0207-C.gatk.zarr.zip,coluzzii
1620,https://vo_agam_output.cog.sanger.ac.uk/AV0330-C.gatk.zarr.zip,gambiae
1621,https://vo_agam_output.cog.sanger.ac.uk/AV0342-C.gatk.zarr.zip,gambiae
1622,https://vo_agam_output.cog.sanger.ac.uk/AV0354-C.gatk.zarr.zip,gambiae
1623,https://vo_agam_output.cog.sanger.ac.uk/AV0366-C.gatk.zarr.zip,coluzzii
1624,https://vo_agam_output.cog.sanger.ac.uk/AV0377-C.gatk.zarr.zip,gambiae
1625,https://vo_agam_output.cog.sanger.ac.uk/AV0387-C.gatk.zarr.zip,gambiae
1626,https://vo_agam_output.cog.sanger.ac.uk/AV0407-C.gatk.zarr.zip,gambiae
1627,https://vo_agam_output.cog.sanger.ac.uk/AV0331-C.gatk.zarr.zip,unassigned
1628,https://vo_agam_output.cog.sanger.ac.uk/AV0367-C.gatk.zarr.zip,gambiae
1629,https://vo_agam_output.cog.sanger.ac.uk/AV0378-C.gatk.zarr.zip,gambiae
1630,https://vo_agam_output.cog.sanger.ac.uk/AV0408-C.gatk.zarr.zip,gambiae
1631,https://vo_agam_output.cog.sanger.ac.uk/AV0332-C.gatk.zarr.zip,gambiae
1632,https://vo_agam_output.cog.sanger.ac.uk/AV0344-C.gatk.zarr.zip,gambiae
1633,https://vo_agam_output.cog.sanger.ac.uk/AV0356-C.gatk.zarr.zip,gambiae
1634,https://vo_agam_output.cog.sanger.ac.uk/AV0368-C.gatk.zarr.zip,gambiae
1635,https://vo_agam_output.cog.sanger.ac.uk/AV0389-C.gatk.zarr.zip,gambiae
1636,https://vo_agam_output.cog.sanger.ac.uk/AV0409-C.gatk.zarr.zip,gambiae
1637,https://vo_agam_output.cog.sanger.ac.uk/AV0333-C.gatk.zarr.zip,gambiae
1638,https://vo_agam_output.cog.sanger.ac.uk/AV0380-C.gatk.zarr.zip,gambiae
1639,https://vo_agam_output.cog.sanger.ac.uk/AV0390-C.gatk.zarr.zip,gambiae
1640,https://vo_agam_output.cog.sanger.ac.uk/AV0400-C.gatk.zarr.zip,gambiae
1641,https://vo_agam_output.cog.sanger.ac.uk/AV0410-C.gatk.zarr.zip,gambiae
1642,https://vo_agam_output.cog.sanger.ac.uk/AV0334-C.gatk.zarr.zip,gambiae
1643,https://vo_agam_output.cog.sanger.ac.uk/AV0346-C.gatk.zarr.zip,gambiae
1644,https://vo_agam_output.cog.sanger.ac.uk/AV0358-C.gatk.zarr.zip,gambiae
1645,https://vo_agam_output.cog.sanger.ac.uk/AV0381-C.gatk.zarr.zip,gambiae
1646,https://vo_agam_output.cog.sanger.ac.uk/AV0391-C.gatk.zarr.zip,gambiae
1647,https://vo_agam_output.cog.sanger.ac.uk/AV0401-C.gatk.zarr.zip,gambiae
1648,https://vo_agam_output.cog.sanger.ac.uk/AV0335-C.gatk.zarr.zip,gambiae
1649,https://vo_agam_output.cog.sanger.ac.uk/AV0347-C.gatk.zarr.zip,gambiae
1650,https://vo_agam_output.cog.sanger.ac.uk/AV0359-C.gatk.zarr.zip,gambiae
1651,https://vo_agam_output.cog.sanger.ac.uk/AV0371-C.gatk.zarr.zip,gambiae
1652,https://vo_agam_output.cog.sanger.ac.uk/AV0382-C.gatk.zarr.zip,gambiae
1653,https://vo_agam_output.cog.sanger.ac.uk/AV0392-C.gatk.zarr.zip,gambiae
1654,https://vo_agam_output.cog.sanger.ac.uk/AV0402-C.gatk.zarr.zip,gambiae
1655,https://vo_agam_output.cog.sanger.ac.uk/AV0412-C.gatk.zarr.zip,gambiae
1656,https://vo_agam_output.cog.sanger.ac.uk/AV0336-C.gatk.zarr.zip,gambiae
1657,https://vo_agam_output.cog.sanger.ac.uk/AV0360-C.gatk.zarr.zip,gambiae
1658,https://vo_agam_output.cog.sanger.ac.uk/AV0372-C.gatk.zarr.zip,gambiae
1659,https://vo_agam_output.cog.sanger.ac.uk/AV0383-C.gatk.zarr.zip,gambiae
1660,https://vo_agam_output.cog.sanger.ac.uk/AV0393-C.gatk.zarr.zip,gambiae
1661,https://vo_agam_output.cog.sanger.ac.uk/AV0403-C.gatk.zarr.zip,gambiae
1662,https://vo_agam_output.cog.sanger.ac.uk/AV0337-C.gatk.zarr.zip,gambiae
1663,https://vo_agam_output.cog.sanger.ac.uk/AV0349-C.gatk.zarr.zip,gambiae
1664,https://vo_agam_output.cog.sanger.ac.uk/AV0361-C.gatk.zarr.zip,gambiae
1665,https://vo_agam_output.cog.sanger.ac.uk/AV0373-C.gatk.zarr.zip,gambiae
1666,https://vo_agam_output.cog.sanger.ac.uk/AV0384-C.gatk.zarr.zip,gambiae
1667,https://vo_agam_output.cog.sanger.ac.uk/AV0394-C.gatk.zarr.zip,gambiae
1668,https://vo_agam_output.cog.sanger.ac.uk/AV0404-C.gatk.zarr.zip,gambiae
1669,https://vo_agam_output.cog.sanger.ac.uk/AV0414-C.gatk.zarr.zip,gambiae
1670,https://vo_agam_output.cog.sanger.ac.uk/AV0338-C.gatk.zarr.zip,gambiae
1671,https://vo_agam_output.cog.sanger.ac.uk/AV0350-C.gatk.zarr.zip,gambiae
1672,https://vo_agam_output.cog.sanger.ac.uk/AV0362-C.gatk.zarr.zip,gambiae
1673,https://vo_agam_output.cog.sanger.ac.uk/AV0405-C.gatk.zarr.zip,gambiae
1674,https://vo_agam_output.cog.sanger.ac.uk/AV0415-C.gatk.zarr.zip,gambiae
1675,https://vo_agam_output.cog.sanger.ac.uk/AV0351-C.gatk.zarr.zip,gambiae
1676,https://vo_agam_output.cog.sanger.ac.uk/AV0363-C.gatk.zarr.zip,gambiae
1677,https://vo_agam_output.cog.sanger.ac.uk/AV0375-C.gatk.zarr.zip,gambiae
1678,https://vo_agam_output.cog.sanger.ac.uk/AV0386-C.gatk.zarr.zip,gambiae
1679,https://vo_agam_output.cog.sanger.ac.uk/AV0396-C.gatk.zarr.zip,gambiae
1680,https://vo_agam_output.cog.sanger.ac.uk/AV0406-C.gatk.zarr.zip,gambiae
1681,https://vo_agam_output.cog.sanger.ac.uk/AV0340-C.gatk.zarr.zip,coluzzii
1682,https://vo_agam_output.cog.sanger.ac.uk/AV0352-C.gatk.zarr.zip,gambiae
1683,https://vo_agam_output.cog.sanger.ac.uk/AV0364-C.gatk.zarr.zip,gambiae
1684,https://vo_agam_output.cog.sanger.ac.uk/AV0376-C.gatk.zarr.zip,gambiae
1685,https://vo_agam_output.cog.sanger.ac.uk/AV0341-C.gatk.zarr.zip,gambiae
1686,https://vo_agam_output.cog.sanger.ac.uk/AV0353-C.gatk.zarr.zip,gambiae
1687,https://vo_agam_output.cog.sanger.ac.uk/AV0219-C.gatk.zarr.zip,gambiae
1688,https://vo_agam_output.cog.sanger.ac.uk/AV0231-C.gatk.zarr.zip,gambiae
1689,https://vo_agam_output.cog.sanger.ac.uk/AV0160-C.gatk.zarr.zip,gambiae
1690,https://vo_agam_output.cog.sanger.ac.uk/AV0196-C.gatk.zarr.zip,gambiae
1691,https://vo_agam_output.cog.sanger.ac.uk/AV0208-C.gatk.zarr.zip,gambiae
1692,https://vo_agam_output.cog.sanger.ac.uk/AV0220-C.gatk.zarr.zip,coluzzii
1693,https://vo_agam_output.cog.sanger.ac.uk/AV0232-C.gatk.zarr.zip,coluzzii
1694,https://vo_agam_output.cog.sanger.ac.uk/AV0149-C.gatk.zarr.zip,coluzzii
1695,https://vo_agam_output.cog.sanger.ac.uk/AV0161-C.gatk.zarr.zip,coluzzii
1696,https://vo_agam_output.cog.sanger.ac.uk/AV0173-C.gatk.zarr.zip,coluzzii
1697,https://vo_agam_output.cog.sanger.ac.uk/AV0185-C.gatk.zarr.zip,gambiae
1698,https://vo_agam_output.cog.sanger.ac.uk/AV0150-C.gatk.zarr.zip,gambiae
1699,https://vo_agam_output.cog.sanger.ac.uk/AV0162-C.gatk.zarr.zip,gambiae
1700,https://vo_agam_output.cog.sanger.ac.uk/AV0174-C.gatk.zarr.zip,gambiae
1701,https://vo_agam_output.cog.sanger.ac.uk/AV0186-C.gatk.zarr.zip,gambiae
1702,https://vo_agam_output.cog.sanger.ac.uk/AV0198-C.gatk.zarr.zip,gambiae
1703,https://vo_agam_output.cog.sanger.ac.uk/AV0210-C.gatk.zarr.zip,gambiae
1704,https://vo_agam_output.cog.sanger.ac.uk/AV0222-C.gatk.zarr.zip,gambiae
1705,https://vo_agam_output.cog.sanger.ac.uk/AV0234-C.gatk.zarr.zip,gambiae
1706,https://vo_agam_output.cog.sanger.ac.uk/AV0199-C.gatk.zarr.zip,gambiae
1707,https://vo_agam_output.cog.sanger.ac.uk/AV0211-C.gatk.zarr.zip,gambiae
1708,https://vo_agam_output.cog.sanger.ac.uk/AV0223-C.gatk.zarr.zip,gambiae
1709,https://vo_agam_output.cog.sanger.ac.uk/AV0152-C.gatk.zarr.zip,gambiae
1710,https://vo_agam_output.cog.sanger.ac.uk/AV0164-C.gatk.zarr.zip,gambiae
1711,https://vo_agam_output.cog.sanger.ac.uk/AV0176-C.gatk.zarr.zip,gambiae
1712,https://vo_agam_output.cog.sanger.ac.uk/AV0188-C.gatk.zarr.zip,gambiae
1713,https://vo_agam_output.cog.sanger.ac.uk/AV0200-C.gatk.zarr.zip,gambiae
1714,https://vo_agam_output.cog.sanger.ac.uk/AV0165-C.gatk.zarr.zip,gambiae
1715,https://vo_agam_output.cog.sanger.ac.uk/AV0177-C.gatk.zarr.zip,gambiae
1716,https://vo_agam_output.cog.sanger.ac.uk/AV0189-C.gatk.zarr.zip,gambiae
1717,https://vo_agam_output.cog.sanger.ac.uk/AV0201-C.gatk.zarr.zip,gambiae
1718,https://vo_agam_output.cog.sanger.ac.uk/AV0213-C.gatk.zarr.zip,gambiae
1719,https://vo_agam_output.cog.sanger.ac.uk/AV0225-C.gatk.zarr.zip,gambiae
1720,https://vo_agam_output.cog.sanger.ac.uk/AV0236-C.gatk.zarr.zip,coluzzii
1721,https://vo_agam_output.cog.sanger.ac.uk/AV0248-C.gatk.zarr.zip,coluzzii
1722,https://vo_agam_output.cog.sanger.ac.uk/AV0308-C.gatk.zarr.zip,coluzzii
1723,https://vo_agam_output.cog.sanger.ac.uk/AV0320-C.gatk.zarr.zip,coluzzii
1724,https://vo_agam_output.cog.sanger.ac.uk/AV0237-C.gatk.zarr.zip,coluzzii
1725,https://vo_agam_output.cog.sanger.ac.uk/AV0249-C.gatk.zarr.zip,coluzzii
1726,https://vo_agam_output.cog.sanger.ac.uk/AV0285-C.gatk.zarr.zip,coluzzii
1727,https://vo_agam_output.cog.sanger.ac.uk/AV0297-C.gatk.zarr.zip,coluzzii
1728,https://vo_agam_output.cog.sanger.ac.uk/AV0262-C.gatk.zarr.zip,coluzzii
1729,https://vo_agam_output.cog.sanger.ac.uk/AV0263-C.gatk.zarr.zip,gambiae
1730,https://vo_agam_output.cog.sanger.ac.uk/AV0275-C.gatk.zarr.zip,coluzzii
1731,https://vo_agam_output.cog.sanger.ac.uk/AV0287-C.gatk.zarr.zip,gambiae
1732,https://vo_agam_output.cog.sanger.ac.uk/AV0323-C.gatk.zarr.zip,coluzzii
1733,https://vo_agam_output.cog.sanger.ac.uk/AV0241-C.gatk.zarr.zip,coluzzii
1734,https://vo_agam_output.cog.sanger.ac.uk/AV0253-C.gatk.zarr.zip,coluzzii
1735,https://vo_agam_output.cog.sanger.ac.uk/AV0265-C.gatk.zarr.zip,coluzzii
1736,https://vo_agam_output.cog.sanger.ac.uk/AV0277-C.gatk.zarr.zip,gambiae
1737,https://vo_agam_output.cog.sanger.ac.uk/AV0325-C.gatk.zarr.zip,gambiae
1738,https://vo_agam_output.cog.sanger.ac.uk/AV0254-C.gatk.zarr.zip,coluzzii
1739,https://vo_agam_output.cog.sanger.ac.uk/AV0278-C.gatk.zarr.zip,coluzzii
1740,https://vo_agam_output.cog.sanger.ac.uk/AV0314-C.gatk.zarr.zip,gambiae
1741,https://vo_agam_output.cog.sanger.ac.uk/AV0243-C.gatk.zarr.zip,coluzzii
1742,https://vo_agam_output.cog.sanger.ac.uk/AV0255-C.gatk.zarr.zip,unassigned
1743,https://vo_agam_output.cog.sanger.ac.uk/AV0303-C.gatk.zarr.zip,coluzzii
1744,https://vo_agam_output.cog.sanger.ac.uk/AV0268-C.gatk.zarr.zip,coluzzii
1745,https://vo_agam_output.cog.sanger.ac.uk/AV0280-C.gatk.zarr.zip,coluzzii
1746,https://vo_agam_output.cog.sanger.ac.uk/AV0292-C.gatk.zarr.zip,coluzzii
1747,https://vo_agam_output.cog.sanger.ac.uk/AV0304-C.gatk.zarr.zip,coluzzii
1748,https://vo_agam_output.cog.sanger.ac.uk/AV0245-C.gatk.zarr.zip,coluzzii
1749,https://vo_agam_output.cog.sanger.ac.uk/AV0293-C.gatk.zarr.zip,coluzzii
1750,https://vo_agam_output.cog.sanger.ac.uk/AV0305-C.gatk.zarr.zip,coluzzii
1751,https://vo_agam_output.cog.sanger.ac.uk/AQ0009-C.gatk.zarr.zip,gambiae
1752,https://vo_agam_output.cog.sanger.ac.uk/AQ0001-C.gatk.zarr.zip,gambiae
1753,https://vo_agam_output.cog.sanger.ac.uk/AQ0002-C.gatk.zarr.zip,gambiae
1754,https://vo_agam_output.cog.sanger.ac.uk/AQ0005-C.gatk.zarr.zip,gambiae
1755,https://vo_agam_output.cog.sanger.ac.uk/AQ0004-C.gatk.zarr.zip,gambiae
1756,https://vo_agam_output.cog.sanger.ac.uk/AQ0015-C.gatk.zarr.zip,gambiae
1757,https://vo_agam_output.cog.sanger.ac.uk/AQ0011-C.gatk.zarr.zip,gambiae
1758,https://vo_agam_output.cog.sanger.ac.uk/AQ0012-C.gatk.zarr.zip,gambiae
1759,https://vo_agam_output.cog.sanger.ac.uk/AQ0014-C.gatk.zarr.zip,gambiae
1760,https://vo_agam_output.cog.sanger.ac.uk/AQ0013-C.gatk.zarr.zip,gambiae
1761,https://vo_agam_output.cog.sanger.ac.uk/AJ0023-C.gatk.zarr.zip,bissau
1762,https://vo_agam_output.cog.sanger.ac.uk/AJ0024-C.gatk.zarr.zip,bissau
1763,https://vo_agam_output.cog.sanger.ac.uk/AJ0032-C.gatk.zarr.zip,bissau
1764,https://vo_agam_output.cog.sanger.ac.uk/AJ0035-C.gatk.zarr.zip,bissau
1765,https://vo_agam_output.cog.sanger.ac.uk/AJ0036-C.gatk.zarr.zip,bissau
1766,https://vo_agam_output.cog.sanger.ac.uk/AJ0037-C.gatk.zarr.zip,bissau
1767,https://vo_agam_output.cog.sanger.ac.uk/AJ0039-C.gatk.zarr.zip,bissau
1768,https://vo_agam_output.cog.sanger.ac.uk/AJ0043-C.gatk.zarr.zip,bissau
1769,https://vo_agam_output.cog.sanger.ac.uk/AJ0044-C.gatk.zarr.zip,bissau
1770,https://vo_agam_output.cog.sanger.ac.uk/AJ0045-C.gatk.zarr.zip,bissau
1771,https://vo_agam_output.cog.sanger.ac.uk/AJ0047-C.gatk.zarr.zip,bissau
1772,https://vo_agam_output.cog.sanger.ac.uk/AJ0051-C.gatk.zarr.zip,bissau
1773,https://vo_agam_output.cog.sanger.ac.uk/AJ0052-C.gatk.zarr.zip,bissau
1774,https://vo_agam_output.cog.sanger.ac.uk/AJ0056-C.gatk.zarr.zip,bissau
1775,https://vo_agam_output.cog.sanger.ac.uk/AJ0059-C.gatk.zarr.zip,bissau
1776,https://vo_agam_output.cog.sanger.ac.uk/AJ0061-C.gatk.zarr.zip,bissau
1777,https://vo_agam_output.cog.sanger.ac.uk/AJ0063-C.gatk.zarr.zip,bissau
1778,https://vo_agam_output.cog.sanger.ac.uk/AJ0064-C.gatk.zarr.zip,bissau
1779,https://vo_agam_output.cog.sanger.ac.uk/AJ0066-C.gatk.zarr.zip,bissau
1780,https://vo_agam_output.cog.sanger.ac.uk/AJ0071-C.gatk.zarr.zip,bissau
1781,https://vo_agam_output.cog.sanger.ac.uk/AJ0072-C.gatk.zarr.zip,bissau
1782,https://vo_agam_output.cog.sanger.ac.uk/AJ0074-C.gatk.zarr.zip,bissau
1783,https://vo_agam_output.cog.sanger.ac.uk/AJ0075-C.gatk.zarr.zip,bissau
1784,https://vo_agam_output.cog.sanger.ac.uk/AJ0076-C.gatk.zarr.zip,bissau
1785,https://vo_agam_output.cog.sanger.ac.uk/AJ0077-C.gatk.zarr.zip,bissau
1786,https://vo_agam_output.cog.sanger.ac.uk/AJ0078-C.gatk.zarr.zip,bissau
1787,https://vo_agam_output.cog.sanger.ac.uk/AJ0079-C.gatk.zarr.zip,bissau
1788,https://vo_agam_output.cog.sanger.ac.uk/AJ0081-C.gatk.zarr.zip,bissau
1789,https://vo_agam_output.cog.sanger.ac.uk/AJ0084-C.gatk.zarr.zip,bissau
1790,https://vo_agam_output.cog.sanger.ac.uk/AJ0085-C.gatk.zarr.zip,bissau
1791,https://vo_agam_output.cog.sanger.ac.uk/AJ0086-C.gatk.zarr.zip,bissau
1792,https://vo_agam_output.cog.sanger.ac.uk/AJ0088-C.gatk.zarr.zip,bissau
1793,https://vo_agam_output.cog.sanger.ac.uk/AJ0090-C.gatk.zarr.zip,bissau
1794,https://vo_agam_output.cog.sanger.ac.uk/AJ0092-C.gatk.zarr.zip,bissau
1795,https://vo_agam_output.cog.sanger.ac.uk/AJ0093-C.gatk.zarr.zip,bissau
1796,https://vo_agam_output.cog.sanger.ac.uk/AJ0095-C.gatk.zarr.zip,bissau
1797,https://vo_agam_output.cog.sanger.ac.uk/AJ0096-C.gatk.zarr.zip,bissau
1798,https://vo_agam_output.cog.sanger.ac.uk/AJ0097-C.gatk.zarr.zip,bissau
1799,https://vo_agam_output.cog.sanger.ac.uk/AJ0098-C.gatk.zarr.zip,bissau
1800,https://vo_agam_output.cog.sanger.ac.uk/AJ0100-C.gatk.zarr.zip,bissau
1801,https://vo_agam_output.cog.sanger.ac.uk/AJ0102-C.gatk.zarr.zip,bissau
1802,https://vo_agam_output.cog.sanger.ac.uk/AJ0103-C.gatk.zarr.zip,bissau
1803,https://vo_agam_output.cog.sanger.ac.uk/AJ0105-C.gatk.zarr.zip,bissau
1804,https://vo_agam_output.cog.sanger.ac.uk/AJ0107-C.gatk.zarr.zip,bissau
1805,https://vo_agam_output.cog.sanger.ac.uk/AJ0109-C.gatk.zarr.zip,bissau
1806,https://vo_agam_output.cog.sanger.ac.uk/AJ0113-C.gatk.zarr.zip,bissau
1807,https://vo_agam_output.cog.sanger.ac.uk/AJ0115-C.gatk.zarr.zip,bissau
1808,https://vo_agam_output.cog.sanger.ac.uk/AJ0116-C.gatk.zarr.zip,bissau
1809,https://vo_agam_output.cog.sanger.ac.uk/AJ0099-C.gatk.zarr.zip,bissau
1810,https://vo_agam_output.cog.sanger.ac.uk/AJ0117-C.gatk.zarr.zip,bissau
1811,https://vo_agam_output.cog.sanger.ac.uk/AJ0070-Cx.gatk.zarr.zip,bissau
1812,https://vo_agam_output.cog.sanger.ac.uk/AJ0101-Cx.gatk.zarr.zip,bissau
1813,https://vo_agam_output.cog.sanger.ac.uk/AJ0120-C.gatk.zarr.zip,gambiae
1814,https://vo_agam_output.cog.sanger.ac.uk/AJ0121-C.gatk.zarr.zip,gambiae
1815,https://vo_agam_output.cog.sanger.ac.uk/AJ0122-C.gatk.zarr.zip,gambiae
1816,https://vo_agam_output.cog.sanger.ac.uk/AJ0123-C.gatk.zarr.zip,gambiae
1817,https://vo_agam_output.cog.sanger.ac.uk/AJ0124-C.gatk.zarr.zip,gambiae
1818,https://vo_agam_output.cog.sanger.ac.uk/AJ0125-C.gatk.zarr.zip,gambiae
1819,https://vo_agam_output.cog.sanger.ac.uk/AJ0126-C.gatk.zarr.zip,gambiae
1820,https://vo_agam_output.cog.sanger.ac.uk/AJ0127-C.gatk.zarr.zip,gambiae
1821,https://vo_agam_output.cog.sanger.ac.uk/AJ0128-C.gatk.zarr.zip,bissau
1822,https://vo_agam_output.cog.sanger.ac.uk/AJ0129-C.gatk.zarr.zip,bissau
1823,https://vo_agam_output.cog.sanger.ac.uk/AJ0130-C.gatk.zarr.zip,bissau
1824,https://vo_agam_output.cog.sanger.ac.uk/AJ0131-C.gatk.zarr.zip,bissau
1825,https://vo_agam_output.cog.sanger.ac.uk/AJ0132-C.gatk.zarr.zip,bissau
1826,https://vo_agam_output.cog.sanger.ac.uk/AJ0133-C.gatk.zarr.zip,bissau
1827,https://vo_agam_output.cog.sanger.ac.uk/AJ0134-C.gatk.zarr.zip,bissau
1828,https://vo_agam_output.cog.sanger.ac.uk/AJ0135-C.gatk.zarr.zip,bissau
1829,https://vo_agam_output.cog.sanger.ac.uk/AJ0136-C.gatk.zarr.zip,bissau
1830,https://vo_agam_output.cog.sanger.ac.uk/AJ0137-C.gatk.zarr.zip,bissau
1831,https://vo_agam_output.cog.sanger.ac.uk/AJ0138-C.gatk.zarr.zip,bissau
1832,https://vo_agam_output.cog.sanger.ac.uk/AJ0139-C.gatk.zarr.zip,bissau
1833,https://vo_agam_output.cog.sanger.ac.uk/AJ0140-C.gatk.zarr.zip,bissau
1834,https://vo_agam_output.cog.sanger.ac.uk/AJ0141-C.gatk.zarr.zip,bissau
1835,https://vo_agam_output.cog.sanger.ac.uk/AJ0142-C.gatk.zarr.zip,bissau
1836,https://vo_agam_output.cog.sanger.ac.uk/AJ0143-C.gatk.zarr.zip,bissau
1837,https://vo_agam_output.cog.sanger.ac.uk/AJ0144-C.gatk.zarr.zip,bissau
1838,https://vo_agam_output.cog.sanger.ac.uk/AJ0145-C.gatk.zarr.zip,bissau
1839,https://vo_agam_output.cog.sanger.ac.uk/AJ0146-C.gatk.zarr.zip,bissau
1840,https://vo_agam_output.cog.sanger.ac.uk/AJ0147-C.gatk.zarr.zip,bissau
1841,https://vo_agam_output.cog.sanger.ac.uk/AJ0148-C.gatk.zarr.zip,bissau
1842,https://vo_agam_output.cog.sanger.ac.uk/AJ0149-C.gatk.zarr.zip,bissau
1843,https://vo_agam_output.cog.sanger.ac.uk/AJ0150-C.gatk.zarr.zip,bissau
1844,https://vo_agam_output.cog.sanger.ac.uk/AJ0151-C.gatk.zarr.zip,bissau
1845,https://vo_agam_output.cog.sanger.ac.uk/AJ0152-C.gatk.zarr.zip,bissau
1846,https://vo_agam_output.cog.sanger.ac.uk/AJ0153-C.gatk.zarr.zip,bissau
1847,https://vo_agam_output.cog.sanger.ac.uk/AJ0154-C.gatk.zarr.zip,bissau
1848,https://vo_agam_output.cog.sanger.ac.uk/AJ0155-C.gatk.zarr.zip,bissau
1849,https://vo_agam_output.cog.sanger.ac.uk/AJ0156-C.gatk.zarr.zip,bissau
1850,https://vo_agam_output.cog.sanger.ac.uk/AJ0157-C.gatk.zarr.zip,bissau
1851,https://vo_agam_output.cog.sanger.ac.uk/AJ0158-C.gatk.zarr.zip,bissau
1852,https://vo_agam_output.cog.sanger.ac.uk/AJ0159-C.gatk.zarr.zip,bissau
1853,https://vo_agam_output.cog.sanger.ac.uk/AJ0161-C.gatk.zarr.zip,bissau
1854,https://vo_agam_output.cog.sanger.ac.uk/AJ0028-C.gatk.zarr.zip,bissau
1855,https://vo_agam_output.cog.sanger.ac.uk/AJ0038-C.gatk.zarr.zip,bissau
1856,https://vo_agam_output.cog.sanger.ac.uk/AJ0049-C.gatk.zarr.zip,bissau
1857,https://vo_agam_output.cog.sanger.ac.uk/AJ0060-C.gatk.zarr.zip,bissau
1858,https://vo_agam_output.cog.sanger.ac.uk/AJ0068-C.gatk.zarr.zip,bissau
1859,https://vo_agam_output.cog.sanger.ac.uk/AJ0080-C.gatk.zarr.zip,bissau
1860,https://vo_agam_output.cog.sanger.ac.uk/AJ0087-C.gatk.zarr.zip,bissau
1861,https://vo_agam_output.cog.sanger.ac.uk/AJ0119-C.gatk.zarr.zip,bissau
1862,https://vo_agam_output.cog.sanger.ac.uk/AK0041-C.gatk.zarr.zip,arabiensis
1863,https://vo_agam_output.cog.sanger.ac.uk/AK0042-C.gatk.zarr.zip,arabiensis
1864,https://vo_agam_output.cog.sanger.ac.uk/AK0043-C.gatk.zarr.zip,arabiensis
1865,https://vo_agam_output.cog.sanger.ac.uk/AK0044-C.gatk.zarr.zip,arabiensis
1866,https://vo_agam_output.cog.sanger.ac.uk/AK0046-C.gatk.zarr.zip,arabiensis
1867,https://vo_agam_output.cog.sanger.ac.uk/AK0047-C.gatk.zarr.zip,arabiensis
1868,https://vo_agam_output.cog.sanger.ac.uk/AK0049-C.gatk.zarr.zip,gcx3
1869,https://vo_agam_output.cog.sanger.ac.uk/AK0050-C.gatk.zarr.zip,gcx3
1870,https://vo_agam_output.cog.sanger.ac.uk/AK0051-C.gatk.zarr.zip,gcx3
1871,https://vo_agam_output.cog.sanger.ac.uk/AK0052-C.gatk.zarr.zip,gcx3
1872,https://vo_agam_output.cog.sanger.ac.uk/AK0054-C.gatk.zarr.zip,arabiensis
1873,https://vo_agam_output.cog.sanger.ac.uk/AK0055-C.gatk.zarr.zip,arabiensis
1874,https://vo_agam_output.cog.sanger.ac.uk/AK0056-C.gatk.zarr.zip,arabiensis
1875,https://vo_agam_output.cog.sanger.ac.uk/AK0062-C.gatk.zarr.zip,gcx3
1876,https://vo_agam_output.cog.sanger.ac.uk/AK0063-C.gatk.zarr.zip,gcx3
1877,https://vo_agam_output.cog.sanger.ac.uk/AK0065-C.gatk.zarr.zip,gcx3
1878,https://vo_agam_output.cog.sanger.ac.uk/AK0067-C.gatk.zarr.zip,gcx3
1879,https://vo_agam_output.cog.sanger.ac.uk/AK0068-C.gatk.zarr.zip,gcx3
1880,https://vo_agam_output.cog.sanger.ac.uk/AK0069-C.gatk.zarr.zip,gcx3
1881,https://vo_agam_output.cog.sanger.ac.uk/AK0070-C.gatk.zarr.zip,gcx3
1882,https://vo_agam_output.cog.sanger.ac.uk/AK0071-C.gatk.zarr.zip,gcx3
1883,https://vo_agam_output.cog.sanger.ac.uk/AK0072-C.gatk.zarr.zip,gcx3
1884,https://vo_agam_output.cog.sanger.ac.uk/AK0073-C.gatk.zarr.zip,gcx3
1885,https://vo_agam_output.cog.sanger.ac.uk/AK0076-C.gatk.zarr.zip,gcx3
1886,https://vo_agam_output.cog.sanger.ac.uk/AK0077-C.gatk.zarr.zip,gcx3
1887,https://vo_agam_output.cog.sanger.ac.uk/AK0078-C.gatk.zarr.zip,gcx3
1888,https://vo_agam_output.cog.sanger.ac.uk/AK0079-C.gatk.zarr.zip,gcx3
1889,https://vo_agam_output.cog.sanger.ac.uk/AK0081-C.gatk.zarr.zip,gcx3
1890,https://vo_agam_output.cog.sanger.ac.uk/AK0082-C.gatk.zarr.zip,gcx3
1891,https://vo_agam_output.cog.sanger.ac.uk/AK0083-C.gatk.zarr.zip,gcx3
1892,https://vo_agam_output.cog.sanger.ac.uk/AK0085-C.gatk.zarr.zip,gcx3
1893,https://vo_agam_output.cog.sanger.ac.uk/AK0086-C.gatk.zarr.zip,gcx3
1894,https://vo_agam_output.cog.sanger.ac.uk/AK0087-C.gatk.zarr.zip,gcx3
1895,https://vo_agam_output.cog.sanger.ac.uk/AK0088-C.gatk.zarr.zip,gcx3
1896,https://vo_agam_output.cog.sanger.ac.uk/AK0089-C.gatk.zarr.zip,gcx3
1897,https://vo_agam_output.cog.sanger.ac.uk/AK0091-C.gatk.zarr.zip,gcx3
1898,https://vo_agam_output.cog.sanger.ac.uk/AK0093-C.gatk.zarr.zip,gcx3
1899,https://vo_agam_output.cog.sanger.ac.uk/AK0094-C.gatk.zarr.zip,gcx3
1900,https://vo_agam_output.cog.sanger.ac.uk/AK0095-C.gatk.zarr.zip,gcx3
1901,https://vo_agam_output.cog.sanger.ac.uk/AK0096-C.gatk.zarr.zip,gcx3
1902,https://vo_agam_output.cog.sanger.ac.uk/AK0098-C.gatk.zarr.zip,gcx3
1903,https://vo_agam_output.cog.sanger.ac.uk/AK0099-C.gatk.zarr.zip,gcx3
1904,https://vo_agam_output.cog.sanger.ac.uk/AK0101-C.gatk.zarr.zip,gcx3
1905,https://vo_agam_output.cog.sanger.ac.uk/AK0102-C.gatk.zarr.zip,gcx3
1906,https://vo_agam_output.cog.sanger.ac.uk/AK0104-C.gatk.zarr.zip,gcx3
1907,https://vo_agam_output.cog.sanger.ac.uk/AK0105-C.gatk.zarr.zip,gcx3
1908,https://vo_agam_output.cog.sanger.ac.uk/AK0106-C.gatk.zarr.zip,gcx3
1909,https://vo_agam_output.cog.sanger.ac.uk/AK0107-C.gatk.zarr.zip,gcx3
1910,https://vo_agam_output.cog.sanger.ac.uk/AK0108-C.gatk.zarr.zip,gcx3
1911,https://vo_agam_output.cog.sanger.ac.uk/AK0110-C.gatk.zarr.zip,gcx3
1912,https://vo_agam_output.cog.sanger.ac.uk/AK0116-C.gatk.zarr.zip,gcx3
1913,https://vo_agam_output.cog.sanger.ac.uk/AK0117-C.gatk.zarr.zip,gcx3
1914,https://vo_agam_output.cog.sanger.ac.uk/AK0119-C.gatk.zarr.zip,gcx3
1915,https://vo_agam_output.cog.sanger.ac.uk/AK0127-C.gatk.zarr.zip,gcx3
1916,https://vo_agam_output.cog.sanger.ac.uk/AK0045-Cx.gatk.zarr.zip,gcx3
1917,https://vo_agam_output.cog.sanger.ac.uk/AK0057-Cx.gatk.zarr.zip,arabiensis
1918,https://vo_agam_output.cog.sanger.ac.uk/AK0060-C.gatk.zarr.zip,gcx3
1919,https://vo_agam_output.cog.sanger.ac.uk/AK0066-Cx.gatk.zarr.zip,gcx3
1920,https://vo_agam_output.cog.sanger.ac.uk/AK0075-Cx.gatk.zarr.zip,gcx3
1921,https://vo_agam_output.cog.sanger.ac.uk/AK0090-Cx.gatk.zarr.zip,gcx3
1922,https://vo_agam_output.cog.sanger.ac.uk/AK0092-Cx.gatk.zarr.zip,gcx3
1923,https://vo_agam_output.cog.sanger.ac.uk/AK0100-Cx.gatk.zarr.zip,gcx3
1924,https://vo_agam_output.cog.sanger.ac.uk/AK0103-Cx.gatk.zarr.zip,gcx3
1925,https://vo_agam_output.cog.sanger.ac.uk/AK0109-Cx.gatk.zarr.zip,gcx3
1926,https://vo_agam_output.cog.sanger.ac.uk/AK0177-C.gatk.zarr.zip,gambiae
1927,https://vo_agam_output.cog.sanger.ac.uk/AK0203-C.gatk.zarr.zip,gambiae
1928,https://vo_agam_output.cog.sanger.ac.uk/AK0207-C.gatk.zarr.zip,gambiae
1929,https://vo_agam_output.cog.sanger.ac.uk/AK0211-C.gatk.zarr.zip,gambiae
1930,https://vo_agam_output.cog.sanger.ac.uk/AK0212-C.gatk.zarr.zip,gambiae
1931,https://vo_agam_output.cog.sanger.ac.uk/AK0213-C.gatk.zarr.zip,gambiae
1932,https://vo_agam_output.cog.sanger.ac.uk/AK0214-C.gatk.zarr.zip,gambiae
1933,https://vo_agam_output.cog.sanger.ac.uk/AK0215-C.gatk.zarr.zip,gambiae
1934,https://vo_agam_output.cog.sanger.ac.uk/AK0226-C.gatk.zarr.zip,gambiae
1935,https://vo_agam_output.cog.sanger.ac.uk/AK0235-C.gatk.zarr.zip,gambiae
1936,https://vo_agam_output.cog.sanger.ac.uk/AK0236-C.gatk.zarr.zip,gambiae
1937,https://vo_agam_output.cog.sanger.ac.uk/AK0237-C.gatk.zarr.zip,gambiae
1938,https://vo_agam_output.cog.sanger.ac.uk/AK0238-C.gatk.zarr.zip,gambiae
1939,https://vo_agam_output.cog.sanger.ac.uk/AK0239-C.gatk.zarr.zip,gambiae
1940,https://vo_agam_output.cog.sanger.ac.uk/AK0274-C.gatk.zarr.zip,gambiae
1941,https://vo_agam_output.cog.sanger.ac.uk/AK0278-C.gatk.zarr.zip,gambiae
1942,https://vo_agam_output.cog.sanger.ac.uk/AK0279-C.gatk.zarr.zip,gambiae
1943,https://vo_agam_output.cog.sanger.ac.uk/AK0280-C.gatk.zarr.zip,gambiae
1944,https://vo_agam_output.cog.sanger.ac.uk/AK0281-C.gatk.zarr.zip,gambiae
1945,https://vo_agam_output.cog.sanger.ac.uk/AK0284-C.gatk.zarr.zip,arabiensis
1946,https://vo_agam_output.cog.sanger.ac.uk/AK0298-C.gatk.zarr.zip,arabiensis
1947,https://vo_agam_output.cog.sanger.ac.uk/AK0299-C.gatk.zarr.zip,arabiensis
1948,https://vo_agam_output.cog.sanger.ac.uk/AZ0292-C.gatk.zarr.zip,coluzzii
1949,https://vo_agam_output.cog.sanger.ac.uk/AZ0293-C.gatk.zarr.zip,coluzzii
1950,https://vo_agam_output.cog.sanger.ac.uk/AZ0294-C.gatk.zarr.zip,coluzzii
1951,https://vo_agam_output.cog.sanger.ac.uk/AZ0295-C.gatk.zarr.zip,coluzzii
1952,https://vo_agam_output.cog.sanger.ac.uk/AZ0296-C.gatk.zarr.zip,coluzzii
1953,https://vo_agam_output.cog.sanger.ac.uk/AZ0297-C.gatk.zarr.zip,coluzzii
1954,https://vo_agam_output.cog.sanger.ac.uk/AZ0298-C.gatk.zarr.zip,coluzzii
1955,https://vo_agam_output.cog.sanger.ac.uk/AZ0300-C.gatk.zarr.zip,gambiae
1956,https://vo_agam_output.cog.sanger.ac.uk/AZ0301-C.gatk.zarr.zip,gambiae
1957,https://vo_agam_output.cog.sanger.ac.uk/AZ0302-C.gatk.zarr.zip,gambiae
1958,https://vo_agam_output.cog.sanger.ac.uk/AZ0304-C.gatk.zarr.zip,gambiae
1959,https://vo_agam_output.cog.sanger.ac.uk/AZ0305-C.gatk.zarr.zip,gambiae
1960,https://vo_agam_output.cog.sanger.ac.uk/AZ0306-C.gatk.zarr.zip,gambiae
1961,https://vo_agam_output.cog.sanger.ac.uk/AZ0307-C.gatk.zarr.zip,gambiae
1962,https://vo_agam_output.cog.sanger.ac.uk/AZ0308-C.gatk.zarr.zip,gambiae
1963,https://vo_agam_output.cog.sanger.ac.uk/AZ0309-C.gatk.zarr.zip,gambiae
1964,https://vo_agam_output.cog.sanger.ac.uk/AZ0310-C.gatk.zarr.zip,gambiae
1965,https://vo_agam_output.cog.sanger.ac.uk/AZ0311-C.gatk.zarr.zip,gambiae
1966,https://vo_agam_output.cog.sanger.ac.uk/AZ0313-C.gatk.zarr.zip,gambiae
1967,https://vo_agam_output.cog.sanger.ac.uk/AZ0314-C.gatk.zarr.zip,gambiae
1968,https://vo_agam_output.cog.sanger.ac.uk/AZ0316-C.gatk.zarr.zip,gambiae
1969,https://vo_agam_output.cog.sanger.ac.uk/AZ0317-C.gatk.zarr.zip,gambiae
1970,https://vo_agam_output.cog.sanger.ac.uk/AZ0318-C.gatk.zarr.zip,gambiae
1971,https://vo_agam_output.cog.sanger.ac.uk/AZ0319-C.gatk.zarr.zip,gambiae
1972,https://vo_agam_output.cog.sanger.ac.uk/AZ0320-C.gatk.zarr.zip,gambiae
1973,https://vo_agam_output.cog.sanger.ac.uk/AZ0321-C.gatk.zarr.zip,gambiae
1974,https://vo_agam_output.cog.sanger.ac.uk/AZ0322-C.gatk.zarr.zip,gambiae
1975,https://vo_agam_output.cog.sanger.ac.uk/AZ0323-C.gatk.zarr.zip,gambiae
1976,https://vo_agam_output.cog.sanger.ac.uk/AZ0325-C.gatk.zarr.zip,gambiae
1977,https://vo_agam_output.cog.sanger.ac.uk/AZ0326-C.gatk.zarr.zip,gambiae
1978,https://vo_agam_output.cog.sanger.ac.uk/AZ0328-C.gatk.zarr.zip,gambiae
1979,https://vo_agam_output.cog.sanger.ac.uk/AZ0329-C.gatk.zarr.zip,gambiae
1980,https://vo_agam_output.cog.sanger.ac.uk/AZ0330-C.gatk.zarr.zip,gambiae
1981,https://vo_agam_output.cog.sanger.ac.uk/AZ0331-C.gatk.zarr.zip,gambiae
1982,https://vo_agam_output.cog.sanger.ac.uk/AZ0332-C.gatk.zarr.zip,coluzzii
1983,https://vo_agam_output.cog.sanger.ac.uk/AZ0333-C.gatk.zarr.zip,coluzzii
1984,https://vo_agam_output.cog.sanger.ac.uk/AZ0284-C.gatk.zarr.zip,coluzzii
1985,https://vo_agam_output.cog.sanger.ac.uk/AZ0287-C.gatk.zarr.zip,coluzzii
1986,https://vo_agam_output.cog.sanger.ac.uk/AZ0289-C.gatk.zarr.zip,coluzzii
1987,https://vo_agam_output.cog.sanger.ac.uk/AZ0290-C.gatk.zarr.zip,coluzzii
1988,https://vo_agam_output.cog.sanger.ac.uk/AZ0291-C.gatk.zarr.zip,coluzzii
1989,https://vo_agam_output.cog.sanger.ac.uk/AZ0312-C.gatk.zarr.zip,gambiae
1990,https://vo_agam_output.cog.sanger.ac.uk/AZ0334-C.gatk.zarr.zip,coluzzii
1991,https://vo_agam_output.cog.sanger.ac.uk/AZ0336-C.gatk.zarr.zip,gambiae
1992,https://vo_agam_output.cog.sanger.ac.uk/AZ0337-C.gatk.zarr.zip,gambiae
1993,https://vo_agam_output.cog.sanger.ac.uk/AZ0338-C.gatk.zarr.zip,gambiae
1994,https://vo_agam_output.cog.sanger.ac.uk/AZ0339-C.gatk.zarr.zip,coluzzii
1995,https://vo_agam_output.cog.sanger.ac.uk/AZ0340-C.gatk.zarr.zip,coluzzii
1996,https://vo_agam_output.cog.sanger.ac.uk/AZ0341-C.gatk.zarr.zip,coluzzii
1997,https://vo_agam_output.cog.sanger.ac.uk/AZ0342-C.gatk.zarr.zip,coluzzii
1998,https://vo_agam_output.cog.sanger.ac.uk/AZ0343-C.gatk.zarr.zip,coluzzii
1999,https://vo_agam_output.cog.sanger.ac.uk/AZ0344-C.gatk.zarr.zip,coluzzii
2000,https://vo_agam_output.cog.sanger.ac.uk/AZ0350-C.gatk.zarr.zip,gambiae
2001,https://vo_agam_output.cog.sanger.ac.uk/AZ0425-CW.gatk.zarr.zip,coluzzii
2002,https://vo_agam_output.cog.sanger.ac.uk/AZ0433-CW.gatk.zarr.zip,coluzzii
2003,https://vo_agam_output.cog.sanger.ac.uk/AZ0434-CW.gatk.zarr.zip,coluzzii
2004,https://vo_agam_output.cog.sanger.ac.uk/AZ0416-CW.gatk.zarr.zip,coluzzii
2005,https://vo_agam_output.cog.sanger.ac.uk/AZ0444-CW.gatk.zarr.zip,coluzzii
2006,https://vo_agam_output.cog.sanger.ac.uk/AZ0484-CW.gatk.zarr.zip,gambiae
2007,https://vo_agam_output.cog.sanger.ac.uk/AZ0459-CW.gatk.zarr.zip,coluzzii
2008,https://vo_agam_output.cog.sanger.ac.uk/AZ0253-C.gatk.zarr.zip,gambiae
2009,https://vo_agam_output.cog.sanger.ac.uk/AZ0254-C.gatk.zarr.zip,gambiae
2010,https://vo_agam_output.cog.sanger.ac.uk/AZ0255-C.gatk.zarr.zip,gambiae
2011,https://vo_agam_output.cog.sanger.ac.uk/AZ0256-C.gatk.zarr.zip,gambiae
2012,https://vo_agam_output.cog.sanger.ac.uk/AZ0258-C.gatk.zarr.zip,gambiae
2013,https://vo_agam_output.cog.sanger.ac.uk/AZ0259-C.gatk.zarr.zip,gambiae
2014,https://vo_agam_output.cog.sanger.ac.uk/AZ0260-C.gatk.zarr.zip,gambiae
2015,https://vo_agam_output.cog.sanger.ac.uk/AZ0261-C.gatk.zarr.zip,gambiae
2016,https://vo_agam_output.cog.sanger.ac.uk/AZ0263-C.gatk.zarr.zip,gambiae
2017,https://vo_agam_output.cog.sanger.ac.uk/AZ0267-C.gatk.zarr.zip,gambiae
2018,https://vo_agam_output.cog.sanger.ac.uk/AZ0268-C.gatk.zarr.zip,coluzzii
2019,https://vo_agam_output.cog.sanger.ac.uk/AZ0269-C.gatk.zarr.zip,coluzzii
2020,https://vo_agam_output.cog.sanger.ac.uk/AZ0270-C.gatk.zarr.zip,coluzzii
2021,https://vo_agam_output.cog.sanger.ac.uk/AZ0271-C.gatk.zarr.zip,coluzzii
2022,https://vo_agam_output.cog.sanger.ac.uk/AZ0272-C.gatk.zarr.zip,coluzzii
2023,https://vo_agam_output.cog.sanger.ac.uk/AZ0273-C.gatk.zarr.zip,coluzzii
2024,https://vo_agam_output.cog.sanger.ac.uk/AZ0274-C.gatk.zarr.zip,coluzzii
2025,https://vo_agam_output.cog.sanger.ac.uk/AZ0275-C.gatk.zarr.zip,coluzzii
2026,https://vo_agam_output.cog.sanger.ac.uk/AZ0276-C.gatk.zarr.zip,coluzzii
2027,https://vo_agam_output.cog.sanger.ac.uk/AZ0277-C.gatk.zarr.zip,coluzzii
2028,https://vo_agam_output.cog.sanger.ac.uk/AZ0278-C.gatk.zarr.zip,coluzzii
2029,https://vo_agam_output.cog.sanger.ac.uk/AZ0279-C.gatk.zarr.zip,gambiae
2030,https://vo_agam_output.cog.sanger.ac.uk/AZ0280-C.gatk.zarr.zip,coluzzii
2031,https://vo_agam_output.cog.sanger.ac.uk/AZ0281-C.gatk.zarr.zip,coluzzii
2032,https://vo_agam_output.cog.sanger.ac.uk/AZ0282-C.gatk.zarr.zip,coluzzii
2033,https://vo_agam_output.cog.sanger.ac.uk/AZ0283-C.gatk.zarr.zip,gambiae
2034,https://vo_agam_output.cog.sanger.ac.uk/VBS02049-4431STDY6672917.gatk.zarr.zip,coluzzii
2035,https://vo_agam_output.cog.sanger.ac.uk/VBS02050-4431STDY6672918.gatk.zarr.zip,coluzzii
2036,https://vo_agam_output.cog.sanger.ac.uk/VBS02051-4431STDY6672919.gatk.zarr.zip,coluzzii
2037,https://vo_agam_output.cog.sanger.ac.uk/VBS02052-4431STDY6672920.gatk.zarr.zip,coluzzii
2038,https://vo_agam_output.cog.sanger.ac.uk/VBS02054-4431STDY6672922.gatk.zarr.zip,coluzzii
2039,https://vo_agam_output.cog.sanger.ac.uk/VBS02055-4431STDY6672923.gatk.zarr.zip,coluzzii
2040,https://vo_agam_output.cog.sanger.ac.uk/VBS02056-4431STDY6672924.gatk.zarr.zip,arabiensis
2041,https://vo_agam_output.cog.sanger.ac.uk/VBS02057-4431STDY6672925.gatk.zarr.zip,coluzzii
2042,https://vo_agam_output.cog.sanger.ac.uk/VBS02058-4431STDY6672926.gatk.zarr.zip,coluzzii
2043,https://vo_agam_output.cog.sanger.ac.uk/VBS02059-4431STDY6672927.gatk.zarr.zip,coluzzii
2044,https://vo_agam_output.cog.sanger.ac.uk/VBS02060-4431STDY6672928.gatk.zarr.zip,coluzzii
2045,https://vo_agam_output.cog.sanger.ac.uk/VBS02061-4431STDY6672929.gatk.zarr.zip,arabiensis
2046,https://vo_agam_output.cog.sanger.ac.uk/VBS02062-4431STDY6672930.gatk.zarr.zip,coluzzii
2047,https://vo_agam_output.cog.sanger.ac.uk/VBS02063-4431STDY6672931.gatk.zarr.zip,coluzzii
2048,https://vo_agam_output.cog.sanger.ac.uk/VBS02064-4431STDY6672932.gatk.zarr.zip,coluzzii
2049,https://vo_agam_output.cog.sanger.ac.uk/VBS02065-4431STDY6672933.gatk.zarr.zip,coluzzii
2050,https://vo_agam_output.cog.sanger.ac.uk/VBS02066-4431STDY6672934.gatk.zarr.zip,coluzzii
2051,https://vo_agam_output.cog.sanger.ac.uk/VBS02067-4431STDY6672935.gatk.zarr.zip,coluzzii
2052,https://vo_agam_output.cog.sanger.ac.uk/VBS02068-4431STDY6672936.gatk.zarr.zip,coluzzii
2053,https://vo_agam_output.cog.sanger.ac.uk/VBS02069-4431STDY6672937.gatk.zarr.zip,coluzzii
2054,https://vo_agam_output.cog.sanger.ac.uk/VBS02070-4431STDY6672938.gatk.zarr.zip,coluzzii
2055,https://vo_agam_output.cog.sanger.ac.uk/VBS02071-4431STDY6672939.gatk.zarr.zip,coluzzii
2056,https://vo_agam_output.cog.sanger.ac.uk/VBS02072-4431STDY6672940.gatk.zarr.zip,coluzzii
2057,https://vo_agam_output.cog.sanger.ac.uk/VBS02073-4431STDY6672941.gatk.zarr.zip,coluzzii
2058,https://vo_agam_output.cog.sanger.ac.uk/VBS02077-4431STDY6772805.gatk.zarr.zip,gambiae
2059,https://vo_agam_output.cog.sanger.ac.uk/VBS02083-4431STDY6772806.gatk.zarr.zip,gambiae
2060,https://vo_agam_output.cog.sanger.ac.uk/VBS02088-4431STDY6772808.gatk.zarr.zip,gambiae
2061,https://vo_agam_output.cog.sanger.ac.uk/VBS02090-4431STDY6772809.gatk.zarr.zip,gambiae
2062,https://vo_agam_output.cog.sanger.ac.uk/VBS02093-4431STDY6772811.gatk.zarr.zip,gambiae
2063,https://vo_agam_output.cog.sanger.ac.uk/VBS02094-4431STDY6772812.gatk.zarr.zip,gambiae
2064,https://vo_agam_output.cog.sanger.ac.uk/VBS02095-4431STDY6772813.gatk.zarr.zip,gambiae
2065,https://vo_agam_output.cog.sanger.ac.uk/VBS02097-4431STDY6772815.gatk.zarr.zip,gambiae
2066,https://vo_agam_output.cog.sanger.ac.uk/VBS02101-4431STDY6772818.gatk.zarr.zip,gambiae
2067,https://vo_agam_output.cog.sanger.ac.uk/VBS02103-4431STDY6772819.gatk.zarr.zip,gambiae
2068,https://vo_agam_output.cog.sanger.ac.uk/VBS02104-4431STDY6772820.gatk.zarr.zip,gambiae
2069,https://vo_agam_output.cog.sanger.ac.uk/VBS02106-4431STDY6772821.gatk.zarr.zip,gambiae
2070,https://vo_agam_output.cog.sanger.ac.uk/VBS02107-4431STDY6772822.gatk.zarr.zip,gambiae
2071,https://vo_agam_output.cog.sanger.ac.uk/VBS02109-4431STDY6772823.gatk.zarr.zip,gambiae
2072,https://vo_agam_output.cog.sanger.ac.uk/VBS02110-4431STDY6772824.gatk.zarr.zip,gambiae
2073,https://vo_agam_output.cog.sanger.ac.uk/VBS02112-4431STDY6772826.gatk.zarr.zip,gambiae
2074,https://vo_agam_output.cog.sanger.ac.uk/VBS02119-4431STDY6772831.gatk.zarr.zip,gambiae
2075,https://vo_agam_output.cog.sanger.ac.uk/VBS02121-4431STDY6772832.gatk.zarr.zip,gambiae
2076,https://vo_agam_output.cog.sanger.ac.uk/VBS02127-4431STDY6772833.gatk.zarr.zip,gambiae
2077,https://vo_agam_output.cog.sanger.ac.uk/VBS02129-4431STDY6772835.gatk.zarr.zip,gambiae
2078,https://vo_agam_output.cog.sanger.ac.uk/VBS02130-4431STDY6772836.gatk.zarr.zip,gambiae
2079,https://vo_agam_output.cog.sanger.ac.uk/AZ0152-C.gatk.zarr.zip,arabiensis
2080,https://vo_agam_output.cog.sanger.ac.uk/AZ0153-C.gatk.zarr.zip,arabiensis
2081,https://vo_agam_output.cog.sanger.ac.uk/AZ0155-C.gatk.zarr.zip,arabiensis
2082,https://vo_agam_output.cog.sanger.ac.uk/AZ0156-C.gatk.zarr.zip,arabiensis
2083,https://vo_agam_output.cog.sanger.ac.uk/AZ0157-C.gatk.zarr.zip,arabiensis
2084,https://vo_agam_output.cog.sanger.ac.uk/AZ0158-C.gatk.zarr.zip,arabiensis
2085,https://vo_agam_output.cog.sanger.ac.uk/AZ0159-C.gatk.zarr.zip,arabiensis
2086,https://vo_agam_output.cog.sanger.ac.uk/AZ0160-C.gatk.zarr.zip,arabiensis
2087,https://vo_agam_output.cog.sanger.ac.uk/AZ0161-C.gatk.zarr.zip,arabiensis
2088,https://vo_agam_output.cog.sanger.ac.uk/AZ0164-C.gatk.zarr.zip,arabiensis
2089,https://vo_agam_output.cog.sanger.ac.uk/AZ0165-C.gatk.zarr.zip,arabiensis
2090,https://vo_agam_output.cog.sanger.ac.uk/AZ0166-C.gatk.zarr.zip,arabiensis
2091,https://vo_agam_output.cog.sanger.ac.uk/AZ0167-C.gatk.zarr.zip,arabiensis
2092,https://vo_agam_output.cog.sanger.ac.uk/AZ0168-C.gatk.zarr.zip,arabiensis
2093,https://vo_agam_output.cog.sanger.ac.uk/AZ0170-C.gatk.zarr.zip,arabiensis
2094,https://vo_agam_output.cog.sanger.ac.uk/AZ0172-C.gatk.zarr.zip,arabiensis
2095,https://vo_agam_output.cog.sanger.ac.uk/AZ0174-C.gatk.zarr.zip,arabiensis
2096,https://vo_agam_output.cog.sanger.ac.uk/AZ0175-C.gatk.zarr.zip,arabiensis
2097,https://vo_agam_output.cog.sanger.ac.uk/AZ0176-C.gatk.zarr.zip,arabiensis
2098,https://vo_agam_output.cog.sanger.ac.uk/AZ0179-C.gatk.zarr.zip,arabiensis
2099,https://vo_agam_output.cog.sanger.ac.uk/AZ0180-C.gatk.zarr.zip,arabiensis
2100,https://vo_agam_output.cog.sanger.ac.uk/AZ0181-C.gatk.zarr.zip,arabiensis
2101,https://vo_agam_output.cog.sanger.ac.uk/AZ0182-C.gatk.zarr.zip,arabiensis
2102,https://vo_agam_output.cog.sanger.ac.uk/AZ0183-C.gatk.zarr.zip,arabiensis
2103,https://vo_agam_output.cog.sanger.ac.uk/AZ0184-C.gatk.zarr.zip,arabiensis
2104,https://vo_agam_output.cog.sanger.ac.uk/AZ0185-C.gatk.zarr.zip,arabiensis
2105,https://vo_agam_output.cog.sanger.ac.uk/AZ0186-C.gatk.zarr.zip,arabiensis
2106,https://vo_agam_output.cog.sanger.ac.uk/AZ0187-C.gatk.zarr.zip,arabiensis
2107,https://vo_agam_output.cog.sanger.ac.uk/AZ0188-C.gatk.zarr.zip,arabiensis
2108,https://vo_agam_output.cog.sanger.ac.uk/AZ0191-C.gatk.zarr.zip,arabiensis
2109,https://vo_agam_output.cog.sanger.ac.uk/AZ0192-C.gatk.zarr.zip,arabiensis
2110,https://vo_agam_output.cog.sanger.ac.uk/AZ0199-C.gatk.zarr.zip,arabiensis
2111,https://vo_agam_output.cog.sanger.ac.uk/AZ0200-C.gatk.zarr.zip,arabiensis
2112,https://vo_agam_output.cog.sanger.ac.uk/AZ0201-C.gatk.zarr.zip,arabiensis
2113,https://vo_agam_output.cog.sanger.ac.uk/AZ0202-C.gatk.zarr.zip,arabiensis
2114,https://vo_agam_output.cog.sanger.ac.uk/AZ0223-C.gatk.zarr.zip,arabiensis
2115,https://vo_agam_output.cog.sanger.ac.uk/AZ0226-C.gatk.zarr.zip,arabiensis
2116,https://vo_agam_output.cog.sanger.ac.uk/AZ0242-C.gatk.zarr.zip,arabiensis
2117,https://vo_agam_output.cog.sanger.ac.uk/AZ0246-C.gatk.zarr.zip,arabiensis
2118,https://vo_agam_output.cog.sanger.ac.uk/AZ0247-C.gatk.zarr.zip,arabiensis
2119,https://vo_agam_output.cog.sanger.ac.uk/AZ0251-C.gatk.zarr.zip,arabiensis
2120,https://vo_agam_output.cog.sanger.ac.uk/BQ0046-C.gatk.zarr.zip,gambiae
2121,https://vo_agam_output.cog.sanger.ac.uk/BQ0047-C.gatk.zarr.zip,gambiae
2122,https://vo_agam_output.cog.sanger.ac.uk/BQ0049-C.gatk.zarr.zip,gambiae
2123,https://vo_agam_output.cog.sanger.ac.uk/BQ0050-C.gatk.zarr.zip,gambiae
2124,https://vo_agam_output.cog.sanger.ac.uk/BQ0051-C.gatk.zarr.zip,gambiae
2125,https://vo_agam_output.cog.sanger.ac.uk/BQ0052-C.gatk.zarr.zip,gambiae
2126,https://vo_agam_output.cog.sanger.ac.uk/BQ0053-C.gatk.zarr.zip,gambiae
2127,https://vo_agam_output.cog.sanger.ac.uk/BQ0054-C.gatk.zarr.zip,gambiae
2128,https://vo_agam_output.cog.sanger.ac.uk/BQ0055-C.gatk.zarr.zip,gambiae
2129,https://vo_agam_output.cog.sanger.ac.uk/BQ0056-C.gatk.zarr.zip,gambiae
2130,https://vo_agam_output.cog.sanger.ac.uk/BQ0057-C.gatk.zarr.zip,gambiae
2131,https://vo_agam_output.cog.sanger.ac.uk/BQ0058-C.gatk.zarr.zip,gambiae
2132,https://vo_agam_output.cog.sanger.ac.uk/BQ0059-C.gatk.zarr.zip,gambiae
2133,https://vo_agam_output.cog.sanger.ac.uk/BQ0060-C.gatk.zarr.zip,gambiae
2134,https://vo_agam_output.cog.sanger.ac.uk/BQ0062-C.gatk.zarr.zip,gambiae
2135,https://vo_agam_output.cog.sanger.ac.uk/BQ0064-C.gatk.zarr.zip,gambiae
2136,https://vo_agam_output.cog.sanger.ac.uk/BQ0065-C.gatk.zarr.zip,gambiae
2137,https://vo_agam_output.cog.sanger.ac.uk/BQ0066-C.gatk.zarr.zip,gambiae
2138,https://vo_agam_output.cog.sanger.ac.uk/BQ0067-C.gatk.zarr.zip,gambiae
2139,https://vo_agam_output.cog.sanger.ac.uk/BQ0068-C.gatk.zarr.zip,gambiae
2140,https://vo_agam_output.cog.sanger.ac.uk/BQ0069-C.gatk.zarr.zip,gambiae
2141,https://vo_agam_output.cog.sanger.ac.uk/BQ0070-C.gatk.zarr.zip,gambiae
2142,https://vo_agam_output.cog.sanger.ac.uk/BQ0071-C.gatk.zarr.zip,gambiae
2143,https://vo_agam_output.cog.sanger.ac.uk/BQ0072-C.gatk.zarr.zip,gambiae
2144,https://vo_agam_output.cog.sanger.ac.uk/BQ0073-C.gatk.zarr.zip,gambiae
2145,https://vo_agam_output.cog.sanger.ac.uk/BQ0074-C.gatk.zarr.zip,gambiae
2146,https://vo_agam_output.cog.sanger.ac.uk/BQ0075-C.gatk.zarr.zip,gambiae
2147,https://vo_agam_output.cog.sanger.ac.uk/BQ0076-C.gatk.zarr.zip,gambiae
2148,https://vo_agam_output.cog.sanger.ac.uk/BQ0077-C.gatk.zarr.zip,gambiae
2149,https://vo_agam_output.cog.sanger.ac.uk/BQ0078-C.gatk.zarr.zip,gambiae
2150,https://vo_agam_output.cog.sanger.ac.uk/BQ0079-C.gatk.zarr.zip,gambiae
2151,https://vo_agam_output.cog.sanger.ac.uk/BQ0080-C.gatk.zarr.zip,gambiae
2152,https://vo_agam_output.cog.sanger.ac.uk/BQ0081-C.gatk.zarr.zip,gambiae
2153,https://vo_agam_output.cog.sanger.ac.uk/BQ0082-C.gatk.zarr.zip,gambiae
2154,https://vo_agam_output.cog.sanger.ac.uk/BQ0083-C.gatk.zarr.zip,gambiae
2155,https://vo_agam_output.cog.sanger.ac.uk/BQ0084-C.gatk.zarr.zip,gambiae
2156,https://vo_agam_output.cog.sanger.ac.uk/BQ0085-C.gatk.zarr.zip,gambiae
2157,https://vo_agam_output.cog.sanger.ac.uk/BQ0086-C.gatk.zarr.zip,gambiae
2158,https://vo_agam_output.cog.sanger.ac.uk/BQ0087-C.gatk.zarr.zip,gambiae
2159,https://vo_agam_output.cog.sanger.ac.uk/BQ0088-C.gatk.zarr.zip,gambiae
2160,https://vo_agam_output.cog.sanger.ac.uk/BQ0089-C.gatk.zarr.zip,gambiae
2161,https://vo_agam_output.cog.sanger.ac.uk/BQ0090-C.gatk.zarr.zip,gambiae
2162,https://vo_agam_output.cog.sanger.ac.uk/BQ0091-C.gatk.zarr.zip,gambiae
2163,https://vo_agam_output.cog.sanger.ac.uk/BQ0092-C.gatk.zarr.zip,gambiae
2164,https://vo_agam_output.cog.sanger.ac.uk/BQ0093-C.gatk.zarr.zip,gambiae
2165,https://vo_agam_output.cog.sanger.ac.uk/BQ0094-C.gatk.zarr.zip,gambiae
2166,https://vo_agam_output.cog.sanger.ac.uk/BQ0095-C.gatk.zarr.zip,gambiae
2167,https://vo_agam_output.cog.sanger.ac.uk/BQ0096-C.gatk.zarr.zip,gambiae
2168,https://vo_agam_output.cog.sanger.ac.uk/BQ0097-C.gatk.zarr.zip,gambiae
2169,https://vo_agam_output.cog.sanger.ac.uk/BQ0098-C.gatk.zarr.zip,gambiae
2170,https://vo_agam_output.cog.sanger.ac.uk/BQ0099-C.gatk.zarr.zip,gambiae
2171,https://vo_agam_output.cog.sanger.ac.uk/BQ0100-C.gatk.zarr.zip,gambiae
2172,https://vo_agam_output.cog.sanger.ac.uk/BQ0102-C.gatk.zarr.zip,gambiae
2173,https://vo_agam_output.cog.sanger.ac.uk/BQ0103-C.gatk.zarr.zip,gambiae
2174,https://vo_agam_output.cog.sanger.ac.uk/BQ0106-C.gatk.zarr.zip,gambiae
2175,https://vo_agam_output.cog.sanger.ac.uk/BQ0107-C.gatk.zarr.zip,gambiae
2176,https://vo_agam_output.cog.sanger.ac.uk/BQ0108-C.gatk.zarr.zip,gambiae
2177,https://vo_agam_output.cog.sanger.ac.uk/BQ0109-C.gatk.zarr.zip,gambiae
2178,https://vo_agam_output.cog.sanger.ac.uk/BQ0110-C.gatk.zarr.zip,gambiae
2179,https://vo_agam_output.cog.sanger.ac.uk/BQ0111-C.gatk.zarr.zip,gambiae
2180,https://vo_agam_output.cog.sanger.ac.uk/BQ0114-C.gatk.zarr.zip,gambiae
2181,https://vo_agam_output.cog.sanger.ac.uk/BQ0115-C.gatk.zarr.zip,gambiae
2182,https://vo_agam_output.cog.sanger.ac.uk/BQ0116-C.gatk.zarr.zip,gambiae
2183,https://vo_agam_output.cog.sanger.ac.uk/BQ0117-C.gatk.zarr.zip,gambiae
2184,https://vo_agam_output.cog.sanger.ac.uk/BQ0118-C.gatk.zarr.zip,gambiae
2185,https://vo_agam_output.cog.sanger.ac.uk/BQ0119-C.gatk.zarr.zip,gambiae
2186,https://vo_agam_output.cog.sanger.ac.uk/BQ0120-C.gatk.zarr.zip,gambiae
2187,https://vo_agam_output.cog.sanger.ac.uk/BQ0121-C.gatk.zarr.zip,gambiae
2188,https://vo_agam_output.cog.sanger.ac.uk/BQ0122-C.gatk.zarr.zip,gambiae
2189,https://vo_agam_output.cog.sanger.ac.uk/BQ0123-C.gatk.zarr.zip,gambiae
2190,https://vo_agam_output.cog.sanger.ac.uk/BQ0125-C.gatk.zarr.zip,gambiae
2191,https://vo_agam_output.cog.sanger.ac.uk/BQ0126-C.gatk.zarr.zip,gambiae
2192,https://vo_agam_output.cog.sanger.ac.uk/BQ0129-C.gatk.zarr.zip,gambiae
2193,https://vo_agam_output.cog.sanger.ac.uk/BQ0130-C.gatk.zarr.zip,gambiae
2194,https://vo_agam_output.cog.sanger.ac.uk/BL0046-C.gatk.zarr.zip,gcx3
2195,https://vo_agam_output.cog.sanger.ac.uk/BL0047-C.gatk.zarr.zip,arabiensis
2196,https://vo_agam_output.cog.sanger.ac.uk/BL0048-C.gatk.zarr.zip,arabiensis
2197,https://vo_agam_output.cog.sanger.ac.uk/BL0049-C.gatk.zarr.zip,arabiensis
2198,https://vo_agam_output.cog.sanger.ac.uk/BL0050-C.gatk.zarr.zip,arabiensis
2199,https://vo_agam_output.cog.sanger.ac.uk/BL0052-C.gatk.zarr.zip,gambiae
2200,https://vo_agam_output.cog.sanger.ac.uk/BL0054-C.gatk.zarr.zip,gambiae
2201,https://vo_agam_output.cog.sanger.ac.uk/BL0055-C.gatk.zarr.zip,arabiensis
2202,https://vo_agam_output.cog.sanger.ac.uk/BL0058-C.gatk.zarr.zip,gambiae
2203,https://vo_agam_output.cog.sanger.ac.uk/BL0059-C.gatk.zarr.zip,arabiensis
2204,https://vo_agam_output.cog.sanger.ac.uk/BL0060-C.gatk.zarr.zip,arabiensis
2205,https://vo_agam_output.cog.sanger.ac.uk/BL0061-C.gatk.zarr.zip,arabiensis
2206,https://vo_agam_output.cog.sanger.ac.uk/BL0062-C.gatk.zarr.zip,arabiensis
2207,https://vo_agam_output.cog.sanger.ac.uk/BL0063-C.gatk.zarr.zip,gambiae
2208,https://vo_agam_output.cog.sanger.ac.uk/BL0065-C.gatk.zarr.zip,gambiae
2209,https://vo_agam_output.cog.sanger.ac.uk/BL0067-C.gatk.zarr.zip,arabiensis
2210,https://vo_agam_output.cog.sanger.ac.uk/BL0068-C.gatk.zarr.zip,arabiensis
2211,https://vo_agam_output.cog.sanger.ac.uk/BL0069-C.gatk.zarr.zip,arabiensis
2212,https://vo_agam_output.cog.sanger.ac.uk/BL0070-C.gatk.zarr.zip,arabiensis
2213,https://vo_agam_output.cog.sanger.ac.uk/BL0071-C.gatk.zarr.zip,arabiensis
2214,https://vo_agam_output.cog.sanger.ac.uk/BL0072-C.gatk.zarr.zip,arabiensis
2215,https://vo_agam_output.cog.sanger.ac.uk/BL0073-C.gatk.zarr.zip,arabiensis
2216,https://vo_agam_output.cog.sanger.ac.uk/BL0074-C.gatk.zarr.zip,arabiensis
2217,https://vo_agam_output.cog.sanger.ac.uk/BL0075-C.gatk.zarr.zip,arabiensis
2218,https://vo_agam_output.cog.sanger.ac.uk/BL0076-C.gatk.zarr.zip,arabiensis
2219,https://vo_agam_output.cog.sanger.ac.uk/BL0078-C.gatk.zarr.zip,gambiae
2220,https://vo_agam_output.cog.sanger.ac.uk/BL0079-C.gatk.zarr.zip,gambiae
2221,https://vo_agam_output.cog.sanger.ac.uk/BL0081-C.gatk.zarr.zip,arabiensis
2222,https://vo_agam_output.cog.sanger.ac.uk/BL0082-C.gatk.zarr.zip,arabiensis
2223,https://vo_agam_output.cog.sanger.ac.uk/BL0083-C.gatk.zarr.zip,arabiensis
2224,https://vo_agam_output.cog.sanger.ac.uk/BL0084-C.gatk.zarr.zip,arabiensis
2225,https://vo_agam_output.cog.sanger.ac.uk/BL0085-C.gatk.zarr.zip,arabiensis
2226,https://vo_agam_output.cog.sanger.ac.uk/BL0086-C.gatk.zarr.zip,arabiensis
2227,https://vo_agam_output.cog.sanger.ac.uk/BL0087-C.gatk.zarr.zip,arabiensis
2228,https://vo_agam_output.cog.sanger.ac.uk/BL0088-C.gatk.zarr.zip,arabiensis
2229,https://vo_agam_output.cog.sanger.ac.uk/BL0089-C.gatk.zarr.zip,arabiensis
2230,https://vo_agam_output.cog.sanger.ac.uk/BL0090-C.gatk.zarr.zip,arabiensis
2231,https://vo_agam_output.cog.sanger.ac.uk/BL0091-C.gatk.zarr.zip,arabiensis
2232,https://vo_agam_output.cog.sanger.ac.uk/BL0092-C.gatk.zarr.zip,arabiensis
2233,https://vo_agam_output.cog.sanger.ac.uk/BL0093-C.gatk.zarr.zip,arabiensis
2234,https://vo_agam_output.cog.sanger.ac.uk/BL0094-C.gatk.zarr.zip,arabiensis
2235,https://vo_agam_output.cog.sanger.ac.uk/BL0095-C.gatk.zarr.zip,arabiensis
2236,https://vo_agam_output.cog.sanger.ac.uk/BL0096-C.gatk.zarr.zip,arabiensis
2237,https://vo_agam_output.cog.sanger.ac.uk/BL0097-C.gatk.zarr.zip,arabiensis
2238,https://vo_agam_output.cog.sanger.ac.uk/BL0099-C.gatk.zarr.zip,arabiensis
2239,https://vo_agam_output.cog.sanger.ac.uk/BL0100-C.gatk.zarr.zip,gambiae
2240,https://vo_agam_output.cog.sanger.ac.uk/BL0101-C.gatk.zarr.zip,gambiae
2241,https://vo_agam_output.cog.sanger.ac.uk/BL0102-C.gatk.zarr.zip,gambiae
2242,https://vo_agam_output.cog.sanger.ac.uk/BL0103-C.gatk.zarr.zip,gambiae
2243,https://vo_agam_output.cog.sanger.ac.uk/BL0105-C.gatk.zarr.zip,gambiae
2244,https://vo_agam_output.cog.sanger.ac.uk/BL0106-C.gatk.zarr.zip,gambiae
2245,https://vo_agam_output.cog.sanger.ac.uk/BL0107-C.gatk.zarr.zip,gambiae
2246,https://vo_agam_output.cog.sanger.ac.uk/BL0108-C.gatk.zarr.zip,gambiae
2247,https://vo_agam_output.cog.sanger.ac.uk/BL0109-C.gatk.zarr.zip,gambiae
2248,https://vo_agam_output.cog.sanger.ac.uk/BL0110-C.gatk.zarr.zip,gambiae
2249,https://vo_agam_output.cog.sanger.ac.uk/BL0111-C.gatk.zarr.zip,gambiae
2250,https://vo_agam_output.cog.sanger.ac.uk/BL0112-C.gatk.zarr.zip,gambiae
2251,https://vo_agam_output.cog.sanger.ac.uk/BL0113-C.gatk.zarr.zip,arabiensis
2252,https://vo_agam_output.cog.sanger.ac.uk/BL0114-C.gatk.zarr.zip,gambiae
2253,https://vo_agam_output.cog.sanger.ac.uk/BL0115-C.gatk.zarr.zip,gambiae
2254,https://vo_agam_output.cog.sanger.ac.uk/BL0116-C.gatk.zarr.zip,gambiae
2255,https://vo_agam_output.cog.sanger.ac.uk/BL0117-C.gatk.zarr.zip,gambiae
2256,https://vo_agam_output.cog.sanger.ac.uk/BL0118-C.gatk.zarr.zip,arabiensis
2257,https://vo_agam_output.cog.sanger.ac.uk/BL0194-C.gatk.zarr.zip,arabiensis
2258,https://vo_agam_output.cog.sanger.ac.uk/BL0195-C.gatk.zarr.zip,arabiensis
2259,https://vo_agam_output.cog.sanger.ac.uk/BL0196-C.gatk.zarr.zip,arabiensis
2260,https://vo_agam_output.cog.sanger.ac.uk/BL0197-C.gatk.zarr.zip,arabiensis
2261,https://vo_agam_output.cog.sanger.ac.uk/BL0198-C.gatk.zarr.zip,arabiensis
2262,https://vo_agam_output.cog.sanger.ac.uk/BL0199-C.gatk.zarr.zip,arabiensis
2263,https://vo_agam_output.cog.sanger.ac.uk/BL0200-C.gatk.zarr.zip,arabiensis
2264,https://vo_agam_output.cog.sanger.ac.uk/BL0201-C.gatk.zarr.zip,arabiensis
2265,https://vo_agam_output.cog.sanger.ac.uk/BL0202-C.gatk.zarr.zip,arabiensis
2266,https://vo_agam_output.cog.sanger.ac.uk/BL0203-C.gatk.zarr.zip,arabiensis
2267,https://vo_agam_output.cog.sanger.ac.uk/BL0204-C.gatk.zarr.zip,arabiensis
2268,https://vo_agam_output.cog.sanger.ac.uk/BL0205-C.gatk.zarr.zip,arabiensis
2269,https://vo_agam_output.cog.sanger.ac.uk/BL0207-C.gatk.zarr.zip,arabiensis
2270,https://vo_agam_output.cog.sanger.ac.uk/BL0208-C.gatk.zarr.zip,arabiensis
2271,https://vo_agam_output.cog.sanger.ac.uk/BL0209-C.gatk.zarr.zip,arabiensis
2272,https://vo_agam_output.cog.sanger.ac.uk/BL0210-C.gatk.zarr.zip,arabiensis
2273,https://vo_agam_output.cog.sanger.ac.uk/BL0211-C.gatk.zarr.zip,arabiensis
2274,https://vo_agam_output.cog.sanger.ac.uk/BL0212-C.gatk.zarr.zip,arabiensis
2275,https://vo_agam_output.cog.sanger.ac.uk/BL0213-C.gatk.zarr.zip,arabiensis
2276,https://vo_agam_output.cog.sanger.ac.uk/BL0214-C.gatk.zarr.zip,arabiensis
2277,https://vo_agam_output.cog.sanger.ac.uk/BL0215-C.gatk.zarr.zip,arabiensis
2278,https://vo_agam_output.cog.sanger.ac.uk/BL0216-C.gatk.zarr.zip,arabiensis
2279,https://vo_agam_output.cog.sanger.ac.uk/BL0217-C.gatk.zarr.zip,arabiensis
2280,https://vo_agam_output.cog.sanger.ac.uk/BL0218-C.gatk.zarr.zip,arabiensis
2281,https://vo_agam_output.cog.sanger.ac.uk/BL0221-C.gatk.zarr.zip,arabiensis
2282,https://vo_agam_output.cog.sanger.ac.uk/BL0222-C.gatk.zarr.zip,arabiensis
2283,https://vo_agam_output.cog.sanger.ac.uk/BL0223-C.gatk.zarr.zip,arabiensis
2284,https://vo_agam_output.cog.sanger.ac.uk/BL0224-C.gatk.zarr.zip,arabiensis
2285,https://vo_agam_output.cog.sanger.ac.uk/BL0225-C.gatk.zarr.zip,arabiensis
2286,https://vo_agam_output.cog.sanger.ac.uk/BL0226-C.gatk.zarr.zip,arabiensis
2287,https://vo_agam_output.cog.sanger.ac.uk/BL0227-C.gatk.zarr.zip,arabiensis
2288,https://vo_agam_output.cog.sanger.ac.uk/BL0228-C.gatk.zarr.zip,arabiensis
2289,https://vo_agam_output.cog.sanger.ac.uk/BL0229-C.gatk.zarr.zip,arabiensis
2290,https://vo_agam_output.cog.sanger.ac.uk/BL0119-C.gatk.zarr.zip,gambiae
2291,https://vo_agam_output.cog.sanger.ac.uk/BL0120-C.gatk.zarr.zip,gambiae
2292,https://vo_agam_output.cog.sanger.ac.uk/BL0121-C.gatk.zarr.zip,gambiae
2293,https://vo_agam_output.cog.sanger.ac.uk/BL0124-C.gatk.zarr.zip,gambiae
2294,https://vo_agam_output.cog.sanger.ac.uk/BL0125-C.gatk.zarr.zip,gambiae
2295,https://vo_agam_output.cog.sanger.ac.uk/BL0126-C.gatk.zarr.zip,arabiensis
2296,https://vo_agam_output.cog.sanger.ac.uk/BL0127-C.gatk.zarr.zip,arabiensis
2297,https://vo_agam_output.cog.sanger.ac.uk/BL0128-C.gatk.zarr.zip,gambiae
2298,https://vo_agam_output.cog.sanger.ac.uk/BL0129-C.gatk.zarr.zip,arabiensis
2299,https://vo_agam_output.cog.sanger.ac.uk/BL0131-C.gatk.zarr.zip,arabiensis
2300,https://vo_agam_output.cog.sanger.ac.uk/BL0133-C.gatk.zarr.zip,arabiensis
2301,https://vo_agam_output.cog.sanger.ac.uk/BL0135-C.gatk.zarr.zip,arabiensis
2302,https://vo_agam_output.cog.sanger.ac.uk/BL0136-C.gatk.zarr.zip,arabiensis
2303,https://vo_agam_output.cog.sanger.ac.uk/BL0137-C.gatk.zarr.zip,gambiae
2304,https://vo_agam_output.cog.sanger.ac.uk/BL0138-C.gatk.zarr.zip,gambiae
2305,https://vo_agam_output.cog.sanger.ac.uk/BL0139-C.gatk.zarr.zip,arabiensis
2306,https://vo_agam_output.cog.sanger.ac.uk/BL0140-C.gatk.zarr.zip,arabiensis
2307,https://vo_agam_output.cog.sanger.ac.uk/BL0141-C.gatk.zarr.zip,arabiensis
2308,https://vo_agam_output.cog.sanger.ac.uk/BL0142-C.gatk.zarr.zip,gambiae
2309,https://vo_agam_output.cog.sanger.ac.uk/BL0145-C.gatk.zarr.zip,arabiensis
2310,https://vo_agam_output.cog.sanger.ac.uk/BL0146-C.gatk.zarr.zip,arabiensis
2311,https://vo_agam_output.cog.sanger.ac.uk/BL0147-C.gatk.zarr.zip,arabiensis
2312,https://vo_agam_output.cog.sanger.ac.uk/BL0148-C.gatk.zarr.zip,arabiensis
2313,https://vo_agam_output.cog.sanger.ac.uk/BL0149-C.gatk.zarr.zip,arabiensis
2314,https://vo_agam_output.cog.sanger.ac.uk/BL0150-C.gatk.zarr.zip,arabiensis
2315,https://vo_agam_output.cog.sanger.ac.uk/BL0151-C.gatk.zarr.zip,arabiensis
2316,https://vo_agam_output.cog.sanger.ac.uk/BL0152-C.gatk.zarr.zip,arabiensis
2317,https://vo_agam_output.cog.sanger.ac.uk/BL0153-C.gatk.zarr.zip,arabiensis
2318,https://vo_agam_output.cog.sanger.ac.uk/BL0154-C.gatk.zarr.zip,arabiensis
2319,https://vo_agam_output.cog.sanger.ac.uk/BL0155-C.gatk.zarr.zip,arabiensis
2320,https://vo_agam_output.cog.sanger.ac.uk/BL0156-C.gatk.zarr.zip,arabiensis
2321,https://vo_agam_output.cog.sanger.ac.uk/BL0157-C.gatk.zarr.zip,arabiensis
2322,https://vo_agam_output.cog.sanger.ac.uk/BL0158-C.gatk.zarr.zip,arabiensis
2323,https://vo_agam_output.cog.sanger.ac.uk/BL0159-C.gatk.zarr.zip,arabiensis
2324,https://vo_agam_output.cog.sanger.ac.uk/BL0161-C.gatk.zarr.zip,arabiensis
2325,https://vo_agam_output.cog.sanger.ac.uk/BL0163-C.gatk.zarr.zip,arabiensis
2326,https://vo_agam_output.cog.sanger.ac.uk/BL0164-C.gatk.zarr.zip,arabiensis
2327,https://vo_agam_output.cog.sanger.ac.uk/BL0165-C.gatk.zarr.zip,arabiensis
2328,https://vo_agam_output.cog.sanger.ac.uk/BL0166-C.gatk.zarr.zip,arabiensis
2329,https://vo_agam_output.cog.sanger.ac.uk/BL0167-C.gatk.zarr.zip,arabiensis
2330,https://vo_agam_output.cog.sanger.ac.uk/BL0168-C.gatk.zarr.zip,arabiensis
2331,https://vo_agam_output.cog.sanger.ac.uk/BL0169-C.gatk.zarr.zip,arabiensis
2332,https://vo_agam_output.cog.sanger.ac.uk/BL0170-C.gatk.zarr.zip,arabiensis
2333,https://vo_agam_output.cog.sanger.ac.uk/BL0171-C.gatk.zarr.zip,arabiensis
2334,https://vo_agam_output.cog.sanger.ac.uk/BL0172-C.gatk.zarr.zip,arabiensis
2335,https://vo_agam_output.cog.sanger.ac.uk/BL0173-C.gatk.zarr.zip,arabiensis
2336,https://vo_agam_output.cog.sanger.ac.uk/BL0176-C.gatk.zarr.zip,arabiensis
2337,https://vo_agam_output.cog.sanger.ac.uk/BL0177-C.gatk.zarr.zip,arabiensis
2338,https://vo_agam_output.cog.sanger.ac.uk/BL0178-C.gatk.zarr.zip,arabiensis
2339,https://vo_agam_output.cog.sanger.ac.uk/BL0180-C.gatk.zarr.zip,arabiensis
2340,https://vo_agam_output.cog.sanger.ac.uk/BL0182-C.gatk.zarr.zip,arabiensis
2341,https://vo_agam_output.cog.sanger.ac.uk/BL0183-C.gatk.zarr.zip,arabiensis
2342,https://vo_agam_output.cog.sanger.ac.uk/BL0184-C.gatk.zarr.zip,arabiensis
2343,https://vo_agam_output.cog.sanger.ac.uk/BL0185-C.gatk.zarr.zip,arabiensis
2344,https://vo_agam_output.cog.sanger.ac.uk/BL0186-C.gatk.zarr.zip,arabiensis
2345,https://vo_agam_output.cog.sanger.ac.uk/BL0187-C.gatk.zarr.zip,arabiensis
2346,https://vo_agam_output.cog.sanger.ac.uk/BL0189-C.gatk.zarr.zip,arabiensis
2347,https://vo_agam_output.cog.sanger.ac.uk/BL0190-C.gatk.zarr.zip,arabiensis
2348,https://vo_agam_output.cog.sanger.ac.uk/BL0192-C.gatk.zarr.zip,arabiensis
2349,https://vo_agam_output.cog.sanger.ac.uk/BL0193-C.gatk.zarr.zip,arabiensis
2350,https://vo_agam_output.cog.sanger.ac.uk/BL0230-C.gatk.zarr.zip,arabiensis
2351,https://vo_agam_output.cog.sanger.ac.uk/BL0231-C.gatk.zarr.zip,arabiensis
2352,https://vo_agam_output.cog.sanger.ac.uk/BL0232-C.gatk.zarr.zip,arabiensis
2353,https://vo_agam_output.cog.sanger.ac.uk/BL0233-C.gatk.zarr.zip,arabiensis
2354,https://vo_agam_output.cog.sanger.ac.uk/BL0234-C.gatk.zarr.zip,arabiensis
2355,https://vo_agam_output.cog.sanger.ac.uk/BL0235-C.gatk.zarr.zip,arabiensis
2356,https://vo_agam_output.cog.sanger.ac.uk/BL0236-C.gatk.zarr.zip,arabiensis
2357,https://vo_agam_output.cog.sanger.ac.uk/BL0238-C.gatk.zarr.zip,arabiensis
2358,https://vo_agam_output.cog.sanger.ac.uk/BL0239-C.gatk.zarr.zip,arabiensis
2359,https://vo_agam_output.cog.sanger.ac.uk/BL0240-C.gatk.zarr.zip,arabiensis
2360,https://vo_agam_output.cog.sanger.ac.uk/BL0241-C.gatk.zarr.zip,arabiensis
2361,https://vo_agam_output.cog.sanger.ac.uk/BL0242-C.gatk.zarr.zip,arabiensis
2362,https://vo_agam_output.cog.sanger.ac.uk/BL0243-C.gatk.zarr.zip,arabiensis
2363,https://vo_agam_output.cog.sanger.ac.uk/BL0244-C.gatk.zarr.zip,arabiensis
2364,https://vo_agam_output.cog.sanger.ac.uk/BL0246-C.gatk.zarr.zip,arabiensis
2365,https://vo_agam_output.cog.sanger.ac.uk/BL0247-C.gatk.zarr.zip,arabiensis
2366,https://vo_agam_output.cog.sanger.ac.uk/BL0251-C.gatk.zarr.zip,arabiensis
2367,https://vo_agam_output.cog.sanger.ac.uk/BL0252-C.gatk.zarr.zip,arabiensis
2368,https://vo_agam_output.cog.sanger.ac.uk/BL0253-C.gatk.zarr.zip,arabiensis
2369,https://vo_agam_output.cog.sanger.ac.uk/BL0254-C.gatk.zarr.zip,arabiensis
2370,https://vo_agam_output.cog.sanger.ac.uk/BL0255-C.gatk.zarr.zip,arabiensis
2371,https://vo_agam_output.cog.sanger.ac.uk/BL0256-C.gatk.zarr.zip,arabiensis
2372,https://vo_agam_output.cog.sanger.ac.uk/BL0257-C.gatk.zarr.zip,arabiensis
2373,https://vo_agam_output.cog.sanger.ac.uk/BL0258-C.gatk.zarr.zip,arabiensis
2374,https://vo_agam_output.cog.sanger.ac.uk/BL0259-C.gatk.zarr.zip,arabiensis
2375,https://vo_agam_output.cog.sanger.ac.uk/BL0260-C.gatk.zarr.zip,arabiensis
2376,https://vo_agam_output.cog.sanger.ac.uk/BL0261-C.gatk.zarr.zip,arabiensis
2377,https://vo_agam_output.cog.sanger.ac.uk/BL0263-C.gatk.zarr.zip,arabiensis
2378,https://vo_agam_output.cog.sanger.ac.uk/BL0264-C.gatk.zarr.zip,arabiensis
2379,https://vo_agam_output.cog.sanger.ac.uk/BL0266-C.gatk.zarr.zip,arabiensis
2380,https://vo_agam_output.cog.sanger.ac.uk/BL0267-C.gatk.zarr.zip,arabiensis
2381,https://vo_agam_output.cog.sanger.ac.uk/BL0269-C.gatk.zarr.zip,arabiensis
2382,https://vo_agam_output.cog.sanger.ac.uk/BL0271-C.gatk.zarr.zip,arabiensis
2383,https://vo_agam_output.cog.sanger.ac.uk/BL0272-C.gatk.zarr.zip,arabiensis
2384,https://vo_agam_output.cog.sanger.ac.uk/BL0273-C.gatk.zarr.zip,arabiensis
2385,https://vo_agam_output.cog.sanger.ac.uk/BL0275-C.gatk.zarr.zip,arabiensis
2386,https://vo_agam_output.cog.sanger.ac.uk/BL0276-C.gatk.zarr.zip,arabiensis
2387,https://vo_agam_output.cog.sanger.ac.uk/BL0277-C.gatk.zarr.zip,arabiensis
2388,https://vo_agam_output.cog.sanger.ac.uk/BL0278-C.gatk.zarr.zip,arabiensis
2389,https://vo_agam_output.cog.sanger.ac.uk/BL0280-C.gatk.zarr.zip,arabiensis
2390,https://vo_agam_output.cog.sanger.ac.uk/BL0281-C.gatk.zarr.zip,arabiensis
2391,https://vo_agam_output.cog.sanger.ac.uk/BL0282-C.gatk.zarr.zip,arabiensis
2392,https://vo_agam_output.cog.sanger.ac.uk/BL0283-C.gatk.zarr.zip,arabiensis
2393,https://vo_agam_output.cog.sanger.ac.uk/BL0284-C.gatk.zarr.zip,arabiensis
2394,https://vo_agam_output.cog.sanger.ac.uk/BL0285-C.gatk.zarr.zip,arabiensis
2395,https://vo_agam_output.cog.sanger.ac.uk/BL0286-C.gatk.zarr.zip,arabiensis
2396,https://vo_agam_output.cog.sanger.ac.uk/BL0287-C.gatk.zarr.zip,arabiensis
2397,https://vo_agam_output.cog.sanger.ac.uk/BL0288-C.gatk.zarr.zip,arabiensis
2398,https://vo_agam_output.cog.sanger.ac.uk/BL0290-C.gatk.zarr.zip,arabiensis
2399,https://vo_agam_output.cog.sanger.ac.uk/BL0291-C.gatk.zarr.zip,arabiensis
2400,https://vo_agam_output.cog.sanger.ac.uk/BL0292-C.gatk.zarr.zip,arabiensis
2401,https://vo_agam_output.cog.sanger.ac.uk/BL0293-C.gatk.zarr.zip,arabiensis
2402,https://vo_agam_output.cog.sanger.ac.uk/BL0294-C.gatk.zarr.zip,arabiensis
2403,https://vo_agam_output.cog.sanger.ac.uk/BL0296-C.gatk.zarr.zip,arabiensis
2404,https://vo_agam_output.cog.sanger.ac.uk/BL0297-C.gatk.zarr.zip,arabiensis
2405,https://vo_agam_output.cog.sanger.ac.uk/BL0298-C.gatk.zarr.zip,arabiensis
2406,https://vo_agam_output.cog.sanger.ac.uk/BL0299-C.gatk.zarr.zip,arabiensis
2407,https://vo_agam_output.cog.sanger.ac.uk/BL0300-C.gatk.zarr.zip,arabiensis
2408,https://vo_agam_output.cog.sanger.ac.uk/BL0301-C.gatk.zarr.zip,arabiensis
2409,https://vo_agam_output.cog.sanger.ac.uk/BL0302-C.gatk.zarr.zip,arabiensis
2410,https://vo_agam_output.cog.sanger.ac.uk/BL0303-C.gatk.zarr.zip,arabiensis
2411,https://vo_agam_output.cog.sanger.ac.uk/BL0304-C.gatk.zarr.zip,arabiensis
2412,https://vo_agam_output.cog.sanger.ac.uk/BL0305-C.gatk.zarr.zip,arabiensis
2413,https://vo_agam_output.cog.sanger.ac.uk/BL0306-C.gatk.zarr.zip,arabiensis
2414,https://vo_agam_output.cog.sanger.ac.uk/BL0307-C.gatk.zarr.zip,arabiensis
2415,https://vo_agam_output.cog.sanger.ac.uk/BL0308-C.gatk.zarr.zip,arabiensis
2416,https://vo_agam_output.cog.sanger.ac.uk/BL0309-C.gatk.zarr.zip,arabiensis
2417,https://vo_agam_output.cog.sanger.ac.uk/BL0310-C.gatk.zarr.zip,arabiensis
2418,https://vo_agam_output.cog.sanger.ac.uk/BL0311-C.gatk.zarr.zip,arabiensis
2419,https://vo_agam_output.cog.sanger.ac.uk/BL0312-C.gatk.zarr.zip,arabiensis
2420,https://vo_agam_output.cog.sanger.ac.uk/BL0313-C.gatk.zarr.zip,arabiensis
2421,https://vo_agam_output.cog.sanger.ac.uk/BL0314-C.gatk.zarr.zip,arabiensis
2422,https://vo_agam_output.cog.sanger.ac.uk/BL0315-C.gatk.zarr.zip,arabiensis
2423,https://vo_agam_output.cog.sanger.ac.uk/BL0316-C.gatk.zarr.zip,arabiensis
2424,https://vo_agam_output.cog.sanger.ac.uk/BL0317-C.gatk.zarr.zip,arabiensis
2425,https://vo_agam_output.cog.sanger.ac.uk/BL0318-C.gatk.zarr.zip,arabiensis
2426,https://vo_agam_output.cog.sanger.ac.uk/BL0319-C.gatk.zarr.zip,arabiensis
2427,https://vo_agam_output.cog.sanger.ac.uk/BL0320-C.gatk.zarr.zip,arabiensis
2428,https://vo_agam_output.cog.sanger.ac.uk/BL0321-C.gatk.zarr.zip,arabiensis
2429,https://vo_agam_output.cog.sanger.ac.uk/BL0322-C.gatk.zarr.zip,arabiensis
2430,https://vo_agam_output.cog.sanger.ac.uk/BL0323-C.gatk.zarr.zip,arabiensis
2431,https://vo_agam_output.cog.sanger.ac.uk/BL0324-C.gatk.zarr.zip,arabiensis
2432,https://vo_agam_output.cog.sanger.ac.uk/BL0325-C.gatk.zarr.zip,arabiensis
2433,https://vo_agam_output.cog.sanger.ac.uk/BL0326-C.gatk.zarr.zip,arabiensis
2434,https://vo_agam_output.cog.sanger.ac.uk/BL0327-C.gatk.zarr.zip,arabiensis
2435,https://vo_agam_output.cog.sanger.ac.uk/BL0328-C.gatk.zarr.zip,arabiensis
2436,https://vo_agam_output.cog.sanger.ac.uk/BL0332-C.gatk.zarr.zip,arabiensis
2437,https://vo_agam_output.cog.sanger.ac.uk/BL0333-C.gatk.zarr.zip,arabiensis
2438,https://vo_agam_output.cog.sanger.ac.uk/BL0334-C.gatk.zarr.zip,arabiensis
2439,https://vo_agam_output.cog.sanger.ac.uk/BL0335-C.gatk.zarr.zip,arabiensis
2440,https://vo_agam_output.cog.sanger.ac.uk/BL0336-C.gatk.zarr.zip,arabiensis
2441,https://vo_agam_output.cog.sanger.ac.uk/BL0337-C.gatk.zarr.zip,arabiensis
2442,https://vo_agam_output.cog.sanger.ac.uk/BL0338-C.gatk.zarr.zip,arabiensis
2443,https://vo_agam_output.cog.sanger.ac.uk/BL0339-C.gatk.zarr.zip,arabiensis
2444,https://vo_agam_output.cog.sanger.ac.uk/BL0340-C.gatk.zarr.zip,arabiensis
2445,https://vo_agam_output.cog.sanger.ac.uk/BL0341-C.gatk.zarr.zip,arabiensis
2446,https://vo_agam_output.cog.sanger.ac.uk/BL0342-C.gatk.zarr.zip,arabiensis
2447,https://vo_agam_output.cog.sanger.ac.uk/BL0343-C.gatk.zarr.zip,arabiensis
2448,https://vo_agam_output.cog.sanger.ac.uk/BL0344-C.gatk.zarr.zip,arabiensis
2449,https://vo_agam_output.cog.sanger.ac.uk/BL0345-C.gatk.zarr.zip,arabiensis
2450,https://vo_agam_output.cog.sanger.ac.uk/BL0346-C.gatk.zarr.zip,gambiae
2451,https://vo_agam_output.cog.sanger.ac.uk/BL0347-C.gatk.zarr.zip,gambiae
2452,https://vo_agam_output.cog.sanger.ac.uk/BL0348-C.gatk.zarr.zip,gambiae
2453,https://vo_agam_output.cog.sanger.ac.uk/BL0350-C.gatk.zarr.zip,gambiae
2454,https://vo_agam_output.cog.sanger.ac.uk/BL0351-C.gatk.zarr.zip,gambiae
2455,https://vo_agam_output.cog.sanger.ac.uk/BL0352-C.gatk.zarr.zip,gcx3
2456,https://vo_agam_output.cog.sanger.ac.uk/BL0353-C.gatk.zarr.zip,gambiae
2457,https://vo_agam_output.cog.sanger.ac.uk/BL0354-C.gatk.zarr.zip,gambiae
2458,https://vo_agam_output.cog.sanger.ac.uk/BL0356-C.gatk.zarr.zip,gambiae
2459,https://vo_agam_output.cog.sanger.ac.uk/BL0357-C.gatk.zarr.zip,gcx3
2460,https://vo_agam_output.cog.sanger.ac.uk/BL0358-C.gatk.zarr.zip,gcx3
2461,https://vo_agam_output.cog.sanger.ac.uk/BL0359-C.gatk.zarr.zip,gambiae
2462,https://vo_agam_output.cog.sanger.ac.uk/BL0360-C.gatk.zarr.zip,gcx3
2463,https://vo_agam_output.cog.sanger.ac.uk/BL0361-C.gatk.zarr.zip,gambiae
2464,https://vo_agam_output.cog.sanger.ac.uk/BL0362-C.gatk.zarr.zip,gambiae
2465,https://vo_agam_output.cog.sanger.ac.uk/BL0363-C.gatk.zarr.zip,gambiae
2466,https://vo_agam_output.cog.sanger.ac.uk/BL0365-C.gatk.zarr.zip,gcx3
2467,https://vo_agam_output.cog.sanger.ac.uk/BL0366-C.gatk.zarr.zip,gcx3
2468,https://vo_agam_output.cog.sanger.ac.uk/BL0367-C.gatk.zarr.zip,gcx3
2469,https://vo_agam_output.cog.sanger.ac.uk/BL0368-C.gatk.zarr.zip,gambiae
2470,https://vo_agam_output.cog.sanger.ac.uk/BL0370-C.gatk.zarr.zip,gcx3
2471,https://vo_agam_output.cog.sanger.ac.uk/BL0371-C.gatk.zarr.zip,gambiae
2472,https://vo_agam_output.cog.sanger.ac.uk/BL0372-C.gatk.zarr.zip,gambiae
2473,https://vo_agam_output.cog.sanger.ac.uk/BL0373-C.gatk.zarr.zip,arabiensis
2474,https://vo_agam_output.cog.sanger.ac.uk/BL0375-C.gatk.zarr.zip,gambiae
2475,https://vo_agam_output.cog.sanger.ac.uk/BL0376-C.gatk.zarr.zip,gambiae
2476,https://vo_agam_output.cog.sanger.ac.uk/BL0377-C.gatk.zarr.zip,gambiae
2477,https://vo_agam_output.cog.sanger.ac.uk/BL0378-C.gatk.zarr.zip,gambiae
2478,https://vo_agam_output.cog.sanger.ac.uk/BL0379-C.gatk.zarr.zip,gambiae
2479,https://vo_agam_output.cog.sanger.ac.uk/BL0380-C.gatk.zarr.zip,gambiae
2480,https://vo_agam_output.cog.sanger.ac.uk/BL0381-C.gatk.zarr.zip,gambiae
2481,https://vo_agam_output.cog.sanger.ac.uk/BL0382-C.gatk.zarr.zip,gambiae
2482,https://vo_agam_output.cog.sanger.ac.uk/BL0383-C.gatk.zarr.zip,gambiae
2483,https://vo_agam_output.cog.sanger.ac.uk/BL0384-C.gatk.zarr.zip,gcx3
2484,https://vo_agam_output.cog.sanger.ac.uk/BL0385-C.gatk.zarr.zip,gambiae
2485,https://vo_agam_output.cog.sanger.ac.uk/BL0386-C.gatk.zarr.zip,gambiae
2486,https://vo_agam_output.cog.sanger.ac.uk/BL0387-C.gatk.zarr.zip,gambiae
2487,https://vo_agam_output.cog.sanger.ac.uk/BL0388-C.gatk.zarr.zip,gambiae
2488,https://vo_agam_output.cog.sanger.ac.uk/BL0389-C.gatk.zarr.zip,gambiae
2489,https://vo_agam_output.cog.sanger.ac.uk/BL0391-C.gatk.zarr.zip,gambiae
2490,https://vo_agam_output.cog.sanger.ac.uk/BL0392-C.gatk.zarr.zip,gambiae
2491,https://vo_agam_output.cog.sanger.ac.uk/BL0393-C.gatk.zarr.zip,gambiae
2492,https://vo_agam_output.cog.sanger.ac.uk/BL0394-C.gatk.zarr.zip,gcx3
2493,https://vo_agam_output.cog.sanger.ac.uk/BL0250-CW.gatk.zarr.zip,arabiensis
2494,https://vo_agam_output.cog.sanger.ac.uk/AC0007-C.gatk.zarr.zip,arabiensis
2495,https://vo_agam_output.cog.sanger.ac.uk/AC0008-C.gatk.zarr.zip,arabiensis
2496,https://vo_agam_output.cog.sanger.ac.uk/AC0009-Cx.gatk.zarr.zip,arabiensis
2497,https://vo_agam_output.cog.sanger.ac.uk/AC0010-C.gatk.zarr.zip,arabiensis
2498,https://vo_agam_output.cog.sanger.ac.uk/AC0011-C.gatk.zarr.zip,arabiensis
2499,https://vo_agam_output.cog.sanger.ac.uk/AC0012-Cx.gatk.zarr.zip,arabiensis
2500,https://vo_agam_output.cog.sanger.ac.uk/AC0013-Cx.gatk.zarr.zip,arabiensis
2501,https://vo_agam_output.cog.sanger.ac.uk/AC0014-C.gatk.zarr.zip,arabiensis
2502,https://vo_agam_output.cog.sanger.ac.uk/AC0015-C.gatk.zarr.zip,arabiensis
2503,https://vo_agam_output.cog.sanger.ac.uk/AC0016-C.gatk.zarr.zip,arabiensis
2504,https://vo_agam_output.cog.sanger.ac.uk/AC0017-C.gatk.zarr.zip,arabiensis
2505,https://vo_agam_output.cog.sanger.ac.uk/AC0018-Cx.gatk.zarr.zip,arabiensis
2506,https://vo_agam_output.cog.sanger.ac.uk/AC0019-C.gatk.zarr.zip,arabiensis
2507,https://vo_agam_output.cog.sanger.ac.uk/AC0021-C.gatk.zarr.zip,arabiensis
2508,https://vo_agam_output.cog.sanger.ac.uk/AC0022-C.gatk.zarr.zip,arabiensis
2509,https://vo_agam_output.cog.sanger.ac.uk/AC0023-C.gatk.zarr.zip,arabiensis
2510,https://vo_agam_output.cog.sanger.ac.uk/AC0024-Cx.gatk.zarr.zip,arabiensis
2511,https://vo_agam_output.cog.sanger.ac.uk/AC0025-C.gatk.zarr.zip,arabiensis
2512,https://vo_agam_output.cog.sanger.ac.uk/AC0026-C.gatk.zarr.zip,arabiensis
2513,https://vo_agam_output.cog.sanger.ac.uk/AC0027-C.gatk.zarr.zip,arabiensis
2514,https://vo_agam_output.cog.sanger.ac.uk/AC0028-C.gatk.zarr.zip,arabiensis
2515,https://vo_agam_output.cog.sanger.ac.uk/AC0029-C.gatk.zarr.zip,arabiensis
2516,https://vo_agam_output.cog.sanger.ac.uk/AC0030-C.gatk.zarr.zip,arabiensis
2517,https://vo_agam_output.cog.sanger.ac.uk/AC0031-Cx.gatk.zarr.zip,arabiensis
2518,https://vo_agam_output.cog.sanger.ac.uk/AC0032-C.gatk.zarr.zip,arabiensis
2519,https://vo_agam_output.cog.sanger.ac.uk/AC0033-Cx.gatk.zarr.zip,arabiensis
2520,https://vo_agam_output.cog.sanger.ac.uk/AC0034-C.gatk.zarr.zip,arabiensis
2521,https://vo_agam_output.cog.sanger.ac.uk/AC0035-C.gatk.zarr.zip,arabiensis
2522,https://vo_agam_output.cog.sanger.ac.uk/AC0036-C.gatk.zarr.zip,arabiensis
2523,https://vo_agam_output.cog.sanger.ac.uk/AC0037-C.gatk.zarr.zip,arabiensis
2524,https://vo_agam_output.cog.sanger.ac.uk/AC0038-Cx.gatk.zarr.zip,arabiensis
2525,https://vo_agam_output.cog.sanger.ac.uk/AC0039-C.gatk.zarr.zip,arabiensis
2526,https://vo_agam_output.cog.sanger.ac.uk/AC0040-C.gatk.zarr.zip,arabiensis
2527,https://vo_agam_output.cog.sanger.ac.uk/AC0041-Cx.gatk.zarr.zip,arabiensis
2528,https://vo_agam_output.cog.sanger.ac.uk/AC0042-C.gatk.zarr.zip,arabiensis
2529,https://vo_agam_output.cog.sanger.ac.uk/AC0043-C.gatk.zarr.zip,arabiensis
2530,https://vo_agam_output.cog.sanger.ac.uk/AC0044-Cx.gatk.zarr.zip,arabiensis
2531,https://vo_agam_output.cog.sanger.ac.uk/AC0045-C.gatk.zarr.zip,arabiensis
2532,https://vo_agam_output.cog.sanger.ac.uk/AC0046-C.gatk.zarr.zip,arabiensis
2533,https://vo_agam_output.cog.sanger.ac.uk/AC0047-C.gatk.zarr.zip,arabiensis
2534,https://vo_agam_output.cog.sanger.ac.uk/AC0048-Cx.gatk.zarr.zip,arabiensis
2535,https://vo_agam_output.cog.sanger.ac.uk/AC0049-C.gatk.zarr.zip,arabiensis
2536,https://vo_agam_output.cog.sanger.ac.uk/AC0050-Cx.gatk.zarr.zip,arabiensis
2537,https://vo_agam_output.cog.sanger.ac.uk/AC0051-C.gatk.zarr.zip,arabiensis
2538,https://vo_agam_output.cog.sanger.ac.uk/AC0052-Cx.gatk.zarr.zip,arabiensis
2539,https://vo_agam_output.cog.sanger.ac.uk/AC0053-C.gatk.zarr.zip,arabiensis
2540,https://vo_agam_output.cog.sanger.ac.uk/AC0054-C.gatk.zarr.zip,arabiensis
2541,https://vo_agam_output.cog.sanger.ac.uk/AC0055-C.gatk.zarr.zip,arabiensis
2542,https://vo_agam_output.cog.sanger.ac.uk/AC0056-C.gatk.zarr.zip,arabiensis
2543,https://vo_agam_output.cog.sanger.ac.uk/AC0057-C.gatk.zarr.zip,arabiensis
2544,https://vo_agam_output.cog.sanger.ac.uk/AC0058-C.gatk.zarr.zip,arabiensis
2545,https://vo_agam_output.cog.sanger.ac.uk/AC0059-C.gatk.zarr.zip,arabiensis
2546,https://vo_agam_output.cog.sanger.ac.uk/AC0060-C.gatk.zarr.zip,arabiensis
2547,https://vo_agam_output.cog.sanger.ac.uk/AC0061-C.gatk.zarr.zip,arabiensis
2548,https://vo_agam_output.cog.sanger.ac.uk/AC0062-C.gatk.zarr.zip,arabiensis
2549,https://vo_agam_output.cog.sanger.ac.uk/AC0063-C.gatk.zarr.zip,arabiensis
2550,https://vo_agam_output.cog.sanger.ac.uk/AC0064-C.gatk.zarr.zip,arabiensis
2551,https://vo_agam_output.cog.sanger.ac.uk/AC0065-C.gatk.zarr.zip,arabiensis
2552,https://vo_agam_output.cog.sanger.ac.uk/AC0066-C.gatk.zarr.zip,arabiensis
2553,https://vo_agam_output.cog.sanger.ac.uk/AC0067-Cx.gatk.zarr.zip,arabiensis
2554,https://vo_agam_output.cog.sanger.ac.uk/AC0068-C.gatk.zarr.zip,arabiensis
2555,https://vo_agam_output.cog.sanger.ac.uk/AC0069-C.gatk.zarr.zip,arabiensis
2556,https://vo_agam_output.cog.sanger.ac.uk/AC0070-C.gatk.zarr.zip,arabiensis
2557,https://vo_agam_output.cog.sanger.ac.uk/AC0071-C.gatk.zarr.zip,arabiensis
2558,https://vo_agam_output.cog.sanger.ac.uk/AC0072-C.gatk.zarr.zip,arabiensis
2559,https://vo_agam_output.cog.sanger.ac.uk/AC0073-C.gatk.zarr.zip,arabiensis
2560,https://vo_agam_output.cog.sanger.ac.uk/AC0074-C.gatk.zarr.zip,arabiensis
2561,https://vo_agam_output.cog.sanger.ac.uk/AC0075-C.gatk.zarr.zip,arabiensis
2562,https://vo_agam_output.cog.sanger.ac.uk/AC0076-C.gatk.zarr.zip,arabiensis
2563,https://vo_agam_output.cog.sanger.ac.uk/AC0077-C.gatk.zarr.zip,arabiensis
2564,https://vo_agam_output.cog.sanger.ac.uk/AC0078-C.gatk.zarr.zip,arabiensis
2565,https://vo_agam_output.cog.sanger.ac.uk/AC0079-C.gatk.zarr.zip,arabiensis
2566,https://vo_agam_output.cog.sanger.ac.uk/AC0080-Cx.gatk.zarr.zip,arabiensis
2567,https://vo_agam_output.cog.sanger.ac.uk/AC0081-C.gatk.zarr.zip,arabiensis
2568,https://vo_agam_output.cog.sanger.ac.uk/AC0082-C.gatk.zarr.zip,arabiensis
2569,https://vo_agam_output.cog.sanger.ac.uk/AC0083-C.gatk.zarr.zip,arabiensis
2570,https://vo_agam_output.cog.sanger.ac.uk/AC0084-C.gatk.zarr.zip,arabiensis
2571,https://vo_agam_output.cog.sanger.ac.uk/AC0085-C.gatk.zarr.zip,arabiensis
2572,https://vo_agam_output.cog.sanger.ac.uk/AC0086-C.gatk.zarr.zip,arabiensis
2573,https://vo_agam_output.cog.sanger.ac.uk/AC0087-Cx.gatk.zarr.zip,arabiensis
2574,https://vo_agam_output.cog.sanger.ac.uk/AC0088-C.gatk.zarr.zip,arabiensis
2575,https://vo_agam_output.cog.sanger.ac.uk/AC0089-Cx.gatk.zarr.zip,gambiae
2576,https://vo_agam_output.cog.sanger.ac.uk/AC0090-C.gatk.zarr.zip,gambiae
2577,https://vo_agam_output.cog.sanger.ac.uk/AC0091-Cx.gatk.zarr.zip,gambiae
2578,https://vo_agam_output.cog.sanger.ac.uk/AC0092-C.gatk.zarr.zip,gambiae
2579,https://vo_agam_output.cog.sanger.ac.uk/AC0093-C.gatk.zarr.zip,gambiae
2580,https://vo_agam_output.cog.sanger.ac.uk/AC0094-C.gatk.zarr.zip,gambiae
2581,https://vo_agam_output.cog.sanger.ac.uk/AC0095-C.gatk.zarr.zip,gambiae
2582,https://vo_agam_output.cog.sanger.ac.uk/AC0096-Cx.gatk.zarr.zip,gambiae
2583,https://vo_agam_output.cog.sanger.ac.uk/AC0097-C.gatk.zarr.zip,gambiae
2584,https://vo_agam_output.cog.sanger.ac.uk/AC0098-C.gatk.zarr.zip,gambiae
2585,https://vo_agam_output.cog.sanger.ac.uk/AC0099-C.gatk.zarr.zip,gambiae
2586,https://vo_agam_output.cog.sanger.ac.uk/AC0100-C.gatk.zarr.zip,gambiae
2587,https://vo_agam_output.cog.sanger.ac.uk/AC0101-C.gatk.zarr.zip,gambiae
2588,https://vo_agam_output.cog.sanger.ac.uk/AC0102-Cx.gatk.zarr.zip,gambiae
2589,https://vo_agam_output.cog.sanger.ac.uk/AC0103-Cx.gatk.zarr.zip,gambiae
2590,https://vo_agam_output.cog.sanger.ac.uk/AC0104-Cx.gatk.zarr.zip,gambiae
2591,https://vo_agam_output.cog.sanger.ac.uk/AC0105-C.gatk.zarr.zip,gambiae
2592,https://vo_agam_output.cog.sanger.ac.uk/AC0106-C.gatk.zarr.zip,gambiae
2593,https://vo_agam_output.cog.sanger.ac.uk/AC0107-C.gatk.zarr.zip,gambiae
2594,https://vo_agam_output.cog.sanger.ac.uk/AC0108-C.gatk.zarr.zip,gambiae
2595,https://vo_agam_output.cog.sanger.ac.uk/AC0109-C.gatk.zarr.zip,gambiae
2596,https://vo_agam_output.cog.sanger.ac.uk/AC0110-Cx.gatk.zarr.zip,gambiae
2597,https://vo_agam_output.cog.sanger.ac.uk/AC0111-Cx.gatk.zarr.zip,gambiae
2598,https://vo_agam_output.cog.sanger.ac.uk/AC0112-C.gatk.zarr.zip,gambiae
2599,https://vo_agam_output.cog.sanger.ac.uk/AC0113-Cx.gatk.zarr.zip,gambiae
2600,https://vo_agam_output.cog.sanger.ac.uk/AC0114-C.gatk.zarr.zip,gambiae
2601,https://vo_agam_output.cog.sanger.ac.uk/AC0115-C.gatk.zarr.zip,gambiae
2602,https://vo_agam_output.cog.sanger.ac.uk/AC0116-C.gatk.zarr.zip,gambiae
2603,https://vo_agam_output.cog.sanger.ac.uk/AC0117-Cx.gatk.zarr.zip,gambiae
2604,https://vo_agam_output.cog.sanger.ac.uk/AC0118-C.gatk.zarr.zip,gambiae
2605,https://vo_agam_output.cog.sanger.ac.uk/AC0119-C.gatk.zarr.zip,gambiae
2606,https://vo_agam_output.cog.sanger.ac.uk/AC0120-C.gatk.zarr.zip,gambiae
2607,https://vo_agam_output.cog.sanger.ac.uk/AC0121-C.gatk.zarr.zip,gambiae
2608,https://vo_agam_output.cog.sanger.ac.uk/AC0122-C.gatk.zarr.zip,gambiae
2609,https://vo_agam_output.cog.sanger.ac.uk/AC0123-C.gatk.zarr.zip,gambiae
2610,https://vo_agam_output.cog.sanger.ac.uk/AC0124-C.gatk.zarr.zip,gambiae
2611,https://vo_agam_output.cog.sanger.ac.uk/AC0125-C.gatk.zarr.zip,gambiae
2612,https://vo_agam_output.cog.sanger.ac.uk/AC0126-Cx.gatk.zarr.zip,gambiae
2613,https://vo_agam_output.cog.sanger.ac.uk/AC0127-C.gatk.zarr.zip,gambiae
2614,https://vo_agam_output.cog.sanger.ac.uk/AC0128-Cx.gatk.zarr.zip,gambiae
2615,https://vo_agam_output.cog.sanger.ac.uk/AC0129-C.gatk.zarr.zip,gambiae
2616,https://vo_agam_output.cog.sanger.ac.uk/AC0130-C.gatk.zarr.zip,gambiae
2617,https://vo_agam_output.cog.sanger.ac.uk/AC0131-C.gatk.zarr.zip,gambiae
2618,https://vo_agam_output.cog.sanger.ac.uk/AC0132-C.gatk.zarr.zip,gambiae
2619,https://vo_agam_output.cog.sanger.ac.uk/AC0133-C.gatk.zarr.zip,gambiae
2620,https://vo_agam_output.cog.sanger.ac.uk/AC0134-Cx.gatk.zarr.zip,gambiae
2621,https://vo_agam_output.cog.sanger.ac.uk/AC0135-C.gatk.zarr.zip,gambiae
2622,https://vo_agam_output.cog.sanger.ac.uk/AC0136-C.gatk.zarr.zip,gambiae
2623,https://vo_agam_output.cog.sanger.ac.uk/AC0137-C.gatk.zarr.zip,gambiae
2624,https://vo_agam_output.cog.sanger.ac.uk/AC0138-Cx.gatk.zarr.zip,gambiae
2625,https://vo_agam_output.cog.sanger.ac.uk/AC0139-C.gatk.zarr.zip,gambiae
2626,https://vo_agam_output.cog.sanger.ac.uk/AC0140-C.gatk.zarr.zip,gambiae
2627,https://vo_agam_output.cog.sanger.ac.uk/AC0141-C.gatk.zarr.zip,gambiae
2628,https://vo_agam_output.cog.sanger.ac.uk/AC0142-C.gatk.zarr.zip,gambiae
2629,https://vo_agam_output.cog.sanger.ac.uk/AC0143-C.gatk.zarr.zip,gambiae
2630,https://vo_agam_output.cog.sanger.ac.uk/AC0144-Cx.gatk.zarr.zip,gambiae
2631,https://vo_agam_output.cog.sanger.ac.uk/AC0145-Cx.gatk.zarr.zip,gambiae
2632,https://vo_agam_output.cog.sanger.ac.uk/AC0146-C.gatk.zarr.zip,gambiae
2633,https://vo_agam_output.cog.sanger.ac.uk/AC0147-Cx.gatk.zarr.zip,gambiae
2634,https://vo_agam_output.cog.sanger.ac.uk/AC0148-C.gatk.zarr.zip,gambiae
2635,https://vo_agam_output.cog.sanger.ac.uk/AC0149-Cx.gatk.zarr.zip,gambiae
2636,https://vo_agam_output.cog.sanger.ac.uk/AC0150-C.gatk.zarr.zip,gambiae
2637,https://vo_agam_output.cog.sanger.ac.uk/AC0151-C.gatk.zarr.zip,gambiae
2638,https://vo_agam_output.cog.sanger.ac.uk/AC0152-C.gatk.zarr.zip,gambiae
2639,https://vo_agam_output.cog.sanger.ac.uk/AC0153-C.gatk.zarr.zip,gambiae
2640,https://vo_agam_output.cog.sanger.ac.uk/AC0154-C.gatk.zarr.zip,gambiae
2641,https://vo_agam_output.cog.sanger.ac.uk/AC0155-C.gatk.zarr.zip,gambiae
2642,https://vo_agam_output.cog.sanger.ac.uk/AC0156-C.gatk.zarr.zip,gambiae
2643,https://vo_agam_output.cog.sanger.ac.uk/AC0157-C.gatk.zarr.zip,gambiae
2644,https://vo_agam_output.cog.sanger.ac.uk/AC0158-C.gatk.zarr.zip,gambiae
2645,https://vo_agam_output.cog.sanger.ac.uk/AC0159-C.gatk.zarr.zip,gambiae
2646,https://vo_agam_output.cog.sanger.ac.uk/AC0160-C.gatk.zarr.zip,gambiae
2647,https://vo_agam_output.cog.sanger.ac.uk/AC0161-C.gatk.zarr.zip,gambiae
2648,https://vo_agam_output.cog.sanger.ac.uk/AC0162-Cx.gatk.zarr.zip,gambiae
2649,https://vo_agam_output.cog.sanger.ac.uk/AC0163-C.gatk.zarr.zip,gambiae
2650,https://vo_agam_output.cog.sanger.ac.uk/AC0164-C.gatk.zarr.zip,gambiae
2651,https://vo_agam_output.cog.sanger.ac.uk/AC0166-C.gatk.zarr.zip,gambiae
2652,https://vo_agam_output.cog.sanger.ac.uk/AC0167-C.gatk.zarr.zip,gambiae
2653,https://vo_agam_output.cog.sanger.ac.uk/AC0168-Cx.gatk.zarr.zip,gambiae
2654,https://vo_agam_output.cog.sanger.ac.uk/AC0169-C.gatk.zarr.zip,gambiae
2655,https://vo_agam_output.cog.sanger.ac.uk/AC0170-C.gatk.zarr.zip,gambiae
2656,https://vo_agam_output.cog.sanger.ac.uk/AC0171-C.gatk.zarr.zip,gambiae
2657,https://vo_agam_output.cog.sanger.ac.uk/AC0172-C.gatk.zarr.zip,gambiae
2658,https://vo_agam_output.cog.sanger.ac.uk/AC0173-C.gatk.zarr.zip,gambiae
2659,https://vo_agam_output.cog.sanger.ac.uk/AC0174-Cx.gatk.zarr.zip,gambiae
2660,https://vo_agam_output.cog.sanger.ac.uk/AC0176-Cx.gatk.zarr.zip,gambiae
2661,https://vo_agam_output.cog.sanger.ac.uk/AC0177-C.gatk.zarr.zip,gambiae
2662,https://vo_agam_output.cog.sanger.ac.uk/AC0178-C.gatk.zarr.zip,gambiae
2663,https://vo_agam_output.cog.sanger.ac.uk/AC0179-C.gatk.zarr.zip,gambiae
2664,https://vo_agam_output.cog.sanger.ac.uk/AC0180-C.gatk.zarr.zip,gambiae
2665,https://vo_agam_output.cog.sanger.ac.uk/AC0181-C.gatk.zarr.zip,gambiae
2666,https://vo_agam_output.cog.sanger.ac.uk/AC0182-C.gatk.zarr.zip,gambiae
2667,https://vo_agam_output.cog.sanger.ac.uk/AC0183-C.gatk.zarr.zip,gambiae
2668,https://vo_agam_output.cog.sanger.ac.uk/AC0184-C.gatk.zarr.zip,gambiae
2669,https://vo_agam_output.cog.sanger.ac.uk/AC0185-C.gatk.zarr.zip,gambiae
2670,https://vo_agam_output.cog.sanger.ac.uk/AC0186-C.gatk.zarr.zip,gambiae
2671,https://vo_agam_output.cog.sanger.ac.uk/AC0187-C.gatk.zarr.zip,gambiae
2672,https://vo_agam_output.cog.sanger.ac.uk/AC0188-C.gatk.zarr.zip,gambiae
2673,https://vo_agam_output.cog.sanger.ac.uk/AC0189-C.gatk.zarr.zip,gambiae
2674,https://vo_agam_output.cog.sanger.ac.uk/AC0190-C.gatk.zarr.zip,gambiae
2675,https://vo_agam_output.cog.sanger.ac.uk/AC0191-C.gatk.zarr.zip,gambiae
2676,https://vo_agam_output.cog.sanger.ac.uk/AC0192-C.gatk.zarr.zip,gambiae
2677,https://vo_agam_output.cog.sanger.ac.uk/AC0193-C.gatk.zarr.zip,gambiae
2678,https://vo_agam_output.cog.sanger.ac.uk/AC0194-C.gatk.zarr.zip,gambiae
2679,https://vo_agam_output.cog.sanger.ac.uk/AC0195-C.gatk.zarr.zip,gambiae
2680,https://vo_agam_output.cog.sanger.ac.uk/AC0196-C.gatk.zarr.zip,gambiae
2681,https://vo_agam_output.cog.sanger.ac.uk/AC0197-Cx.gatk.zarr.zip,gambiae
2682,https://vo_agam_output.cog.sanger.ac.uk/AC0198-C.gatk.zarr.zip,unassigned
2683,https://vo_agam_output.cog.sanger.ac.uk/AC0199-C.gatk.zarr.zip,gambiae
2684,https://vo_agam_output.cog.sanger.ac.uk/AC0200-C.gatk.zarr.zip,gambiae
2685,https://vo_agam_output.cog.sanger.ac.uk/AC0201-Cx.gatk.zarr.zip,gambiae
2686,https://vo_agam_output.cog.sanger.ac.uk/AC0202-Cx.gatk.zarr.zip,gambiae
2687,https://vo_agam_output.cog.sanger.ac.uk/AC0203-C.gatk.zarr.zip,gambiae
2688,https://vo_agam_output.cog.sanger.ac.uk/AC0204-C.gatk.zarr.zip,gambiae
2689,https://vo_agam_output.cog.sanger.ac.uk/AC0205-C.gatk.zarr.zip,arabiensis
2690,https://vo_agam_output.cog.sanger.ac.uk/AC0206-C.gatk.zarr.zip,gambiae
2691,https://vo_agam_output.cog.sanger.ac.uk/AC0207-C.gatk.zarr.zip,gambiae
2692,https://vo_agam_output.cog.sanger.ac.uk/AC0208-C.gatk.zarr.zip,gambiae
2693,https://vo_agam_output.cog.sanger.ac.uk/AC0209-C.gatk.zarr.zip,gambiae
2694,https://vo_agam_output.cog.sanger.ac.uk/AC0210-C.gatk.zarr.zip,gambiae
2695,https://vo_agam_output.cog.sanger.ac.uk/AC0211-C.gatk.zarr.zip,gambiae
2696,https://vo_agam_output.cog.sanger.ac.uk/AC0212-C.gatk.zarr.zip,gambiae
2697,https://vo_agam_output.cog.sanger.ac.uk/AC0213-C.gatk.zarr.zip,gambiae
2698,https://vo_agam_output.cog.sanger.ac.uk/AC0214-C.gatk.zarr.zip,gambiae
2699,https://vo_agam_output.cog.sanger.ac.uk/AC0215-C.gatk.zarr.zip,gambiae
2700,https://vo_agam_output.cog.sanger.ac.uk/AC0216-C.gatk.zarr.zip,gambiae
2701,https://vo_agam_output.cog.sanger.ac.uk/AC0217-C.gatk.zarr.zip,gambiae
2702,https://vo_agam_output.cog.sanger.ac.uk/AC0218-C.gatk.zarr.zip,gambiae
2703,https://vo_agam_output.cog.sanger.ac.uk/AC0219-C.gatk.zarr.zip,gambiae
2704,https://vo_agam_output.cog.sanger.ac.uk/AC0220-C.gatk.zarr.zip,gambiae
2705,https://vo_agam_output.cog.sanger.ac.uk/AC0221-C.gatk.zarr.zip,gambiae
2706,https://vo_agam_output.cog.sanger.ac.uk/AC0222-C.gatk.zarr.zip,gambiae
2707,https://vo_agam_output.cog.sanger.ac.uk/AC0223-C.gatk.zarr.zip,gambiae
2708,https://vo_agam_output.cog.sanger.ac.uk/AC0224-C.gatk.zarr.zip,gambiae
2709,https://vo_agam_output.cog.sanger.ac.uk/AC0225-C.gatk.zarr.zip,gambiae
2710,https://vo_agam_output.cog.sanger.ac.uk/AC0226-C.gatk.zarr.zip,gambiae
2711,https://vo_agam_output.cog.sanger.ac.uk/AC0227-C.gatk.zarr.zip,gambiae
2712,https://vo_agam_output.cog.sanger.ac.uk/AC0228-C.gatk.zarr.zip,gambiae
2713,https://vo_agam_output.cog.sanger.ac.uk/AC0229-C.gatk.zarr.zip,gambiae
2714,https://vo_agam_output.cog.sanger.ac.uk/AC0230-C.gatk.zarr.zip,gambiae
2715,https://vo_agam_output.cog.sanger.ac.uk/AC0231-C.gatk.zarr.zip,gambiae
2716,https://vo_agam_output.cog.sanger.ac.uk/AC0232-C.gatk.zarr.zip,gambiae
2717,https://vo_agam_output.cog.sanger.ac.uk/AC0233-C.gatk.zarr.zip,gambiae
2718,https://vo_agam_output.cog.sanger.ac.uk/AC0234-C.gatk.zarr.zip,gambiae
2719,https://vo_agam_output.cog.sanger.ac.uk/AC0235-C.gatk.zarr.zip,gambiae
2720,https://vo_agam_output.cog.sanger.ac.uk/AC0236-C.gatk.zarr.zip,gambiae
2721,https://vo_agam_output.cog.sanger.ac.uk/AC0237-C.gatk.zarr.zip,gambiae
2722,https://vo_agam_output.cog.sanger.ac.uk/AC0238-C.gatk.zarr.zip,gambiae
2723,https://vo_agam_output.cog.sanger.ac.uk/AC0239-C.gatk.zarr.zip,gambiae
2724,https://vo_agam_output.cog.sanger.ac.uk/AC0240-C.gatk.zarr.zip,gambiae
2725,https://vo_agam_output.cog.sanger.ac.uk/AC0241-C.gatk.zarr.zip,gambiae
2726,https://vo_agam_output.cog.sanger.ac.uk/AC0242-C.gatk.zarr.zip,gambiae
2727,https://vo_agam_output.cog.sanger.ac.uk/AC0243-C.gatk.zarr.zip,gambiae
2728,https://vo_agam_output.cog.sanger.ac.uk/AC0244-C.gatk.zarr.zip,gambiae
2729,https://vo_agam_output.cog.sanger.ac.uk/AC0245-C.gatk.zarr.zip,gambiae
2730,https://vo_agam_output.cog.sanger.ac.uk/AC0246-C.gatk.zarr.zip,gambiae
2731,https://vo_agam_output.cog.sanger.ac.uk/AC0247-C.gatk.zarr.zip,gambiae
2732,https://vo_agam_output.cog.sanger.ac.uk/AC0248-C.gatk.zarr.zip,gambiae
2733,https://vo_agam_output.cog.sanger.ac.uk/AC0249-C.gatk.zarr.zip,gambiae
2734,https://vo_agam_output.cog.sanger.ac.uk/AC0250-C.gatk.zarr.zip,gambiae
2735,https://vo_agam_output.cog.sanger.ac.uk/AC0251-C.gatk.zarr.zip,gambiae
2736,https://vo_agam_output.cog.sanger.ac.uk/AC0252-C.gatk.zarr.zip,gambiae
2737,https://vo_agam_output.cog.sanger.ac.uk/AC0253-C.gatk.zarr.zip,gambiae
2738,https://vo_agam_output.cog.sanger.ac.uk/AC0254-C.gatk.zarr.zip,gambiae
2739,https://vo_agam_output.cog.sanger.ac.uk/AC0255-C.gatk.zarr.zip,gambiae
2740,https://vo_agam_output.cog.sanger.ac.uk/AC0256-C.gatk.zarr.zip,gambiae
2741,https://vo_agam_output.cog.sanger.ac.uk/AC0257-C.gatk.zarr.zip,gambiae
2742,https://vo_agam_output.cog.sanger.ac.uk/AC0258-C.gatk.zarr.zip,gambiae
2743,https://vo_agam_output.cog.sanger.ac.uk/AC0259-C.gatk.zarr.zip,gambiae
2744,https://vo_agam_output.cog.sanger.ac.uk/AC0260-C.gatk.zarr.zip,gambiae
2745,https://vo_agam_output.cog.sanger.ac.uk/AC0261-C.gatk.zarr.zip,gambiae
2746,https://vo_agam_output.cog.sanger.ac.uk/AC0262-C.gatk.zarr.zip,gambiae
2747,https://vo_agam_output.cog.sanger.ac.uk/AC0263-C.gatk.zarr.zip,gambiae
2748,https://vo_agam_output.cog.sanger.ac.uk/AC0264-C.gatk.zarr.zip,gambiae
2749,https://vo_agam_output.cog.sanger.ac.uk/AC0265-C.gatk.zarr.zip,gambiae
2750,https://vo_agam_output.cog.sanger.ac.uk/AC0266-C.gatk.zarr.zip,gambiae
2751,https://vo_agam_output.cog.sanger.ac.uk/AC0267-C.gatk.zarr.zip,gambiae
2752,https://vo_agam_output.cog.sanger.ac.uk/AC0268-C.gatk.zarr.zip,gambiae
2753,https://vo_agam_output.cog.sanger.ac.uk/AC0269-C.gatk.zarr.zip,gambiae
2754,https://vo_agam_output.cog.sanger.ac.uk/AC0270-C.gatk.zarr.zip,gambiae
2755,https://vo_agam_output.cog.sanger.ac.uk/AC0271-C.gatk.zarr.zip,gambiae
2756,https://vo_agam_output.cog.sanger.ac.uk/AC0272-C.gatk.zarr.zip,gambiae
2757,https://vo_agam_output.cog.sanger.ac.uk/AC0273-C.gatk.zarr.zip,gambiae
2758,https://vo_agam_output.cog.sanger.ac.uk/AC0274-C.gatk.zarr.zip,gambiae
2759,https://vo_agam_output.cog.sanger.ac.uk/AC0275-C.gatk.zarr.zip,gambiae
2760,https://vo_agam_output.cog.sanger.ac.uk/AC0276-C.gatk.zarr.zip,gambiae
2761,https://vo_agam_output.cog.sanger.ac.uk/AC0277-C.gatk.zarr.zip,gambiae
2762,https://vo_agam_output.cog.sanger.ac.uk/AC0278-C.gatk.zarr.zip,gambiae
2763,https://vo_agam_output.cog.sanger.ac.uk/AC0279-C.gatk.zarr.zip,gambiae
2764,https://vo_agam_output.cog.sanger.ac.uk/AC0280-C.gatk.zarr.zip,gambiae
2765,https://vo_agam_output.cog.sanger.ac.uk/AC0281-C.gatk.zarr.zip,gambiae
2766,https://vo_agam_output.cog.sanger.ac.uk/AC0282-C.gatk.zarr.zip,gambiae
2767,https://vo_agam_output.cog.sanger.ac.uk/AC0283-C.gatk.zarr.zip,gambiae
2768,https://vo_agam_output.cog.sanger.ac.uk/AC0284-C.gatk.zarr.zip,gambiae
2769,https://vo_agam_output.cog.sanger.ac.uk/AC0285-C.gatk.zarr.zip,gambiae
2770,https://vo_agam_output.cog.sanger.ac.uk/AC0286-C.gatk.zarr.zip,gambiae
2771,https://vo_agam_output.cog.sanger.ac.uk/AC0287-C.gatk.zarr.zip,gambiae
2772,https://vo_agam_output.cog.sanger.ac.uk/AC0288-C.gatk.zarr.zip,gambiae
2773,https://vo_agam_output.cog.sanger.ac.uk/AC0289-C.gatk.zarr.zip,gambiae
2774,https://vo_agam_output.cog.sanger.ac.uk/AC0290-C.gatk.zarr.zip,gambiae
2775,https://vo_agam_output.cog.sanger.ac.uk/AC0291-C.gatk.zarr.zip,gambiae
2776,https://vo_agam_output.cog.sanger.ac.uk/AC0292-C.gatk.zarr.zip,gambiae
2777,https://vo_agam_output.cog.sanger.ac.uk/AC0293-C.gatk.zarr.zip,gambiae
2778,https://vo_agam_output.cog.sanger.ac.uk/AC0294-C.gatk.zarr.zip,gambiae
2779,https://vo_agam_output.cog.sanger.ac.uk/AC0295-C.gatk.zarr.zip,gambiae
2780,https://vo_agam_output.cog.sanger.ac.uk/AC0296-C.gatk.zarr.zip,gambiae
2781,https://vo_agam_output.cog.sanger.ac.uk/AC0297-C.gatk.zarr.zip,gambiae
2782,https://vo_agam_output.cog.sanger.ac.uk/AC0298-C.gatk.zarr.zip,gambiae
2783,https://vo_agam_output.cog.sanger.ac.uk/AC0299-C.gatk.zarr.zip,gambiae
